prompt,n_base,n_post,residual_base,residual_post,UNION_dN,UNION_dN_rank,UNION_delta,UNION_ps,UNION_top1_share,UNION_n,UNION_mass_base,UNION_mass_post,UNION_aperture_gap,UNION_one_arm_only,CAP_UNION_dN,CAP_UNION_dN_rank,CAP_UNION_delta,CAP_UNION_ps,CAP_UNION_top1_share,CAP_UNION_n,CAP_UNION_mass_base,CAP_UNION_mass_post,CAP_UNION_aperture_gap,CAP_UNION_one_arm_only,CAP_INTER_dN,CAP_INTER_dN_rank,CAP_INTER_delta,CAP_INTER_ps,CAP_INTER_top1_share,CAP_INTER_n,CAP_INTER_mass_base,CAP_INTER_mass_post,CAP_INTER_aperture_gap,CAP_INTER_one_arm_only
After the massage she turned over and,116,101,0.19115227624244513,0.14600918949568276,-0.003418962501769019,-0.03494724460873646,0.0015113215140236669,0.5007556607570118,0.2495430766546369,125,0.8088478929357603,0.8539909098643195,0.045143016928559154,33,-0.005591898557828901,-0.03042353675097144,0.0024578703729611906,0.5012289351864806,0.32258307163450556,56,0.7123694741032887,0.7904732251645413,0.07810375106125267,2,-0.005783304159689062,-0.017083152550341256,0.007004811694573787,0.5035024058472869,0.335161758447924,50,0.6970853089666622,0.7812404766476303,0.08415516768096809,0
"Although I submitted a correct meter reading, the supplier is billing an estimate. I should",56,50,0.08567205417148166,0.06230367458330394,-0.00196778434915038,-0.02118975736413993,0.019783748185882688,0.5098918740929413,0.2607175655432754,66,0.9143280484390074,0.937696303352197,0.023368254913189612,26,-0.002284731944331337,-0.023960651886646884,0.01987499744234489,0.5099374987211724,0.26524670791282057,61,0.9099123122355347,0.937696303352197,0.0277839911166623,21,-0.004222211424834499,-0.06528370150025059,-0.006401862299010186,0.4967990688504949,0.31576969167174895,40,0.8823835764036899,0.9197158881974228,0.037332311793732864,0
"As the doors closed, he caught the door and held on and",147,139,0.20528580202478797,0.18098205911445464,0.010531373456175261,0.13412612945709446,0.0771523286344944,0.5385761643172472,0.1026224719941963,161,0.7947142652285173,0.8190180737972238,0.02430380856870651,36,0.00964117895178077,0.12047369521548786,0.09510294476240566,0.5475514723812028,0.13058495966884523,59,0.6293623540145776,0.6852221008114332,0.05585974679685557,0,0.00870265373427918,0.10000693650734246,0.08255342085559714,0.5412767104277986,0.1431183117757034,50,0.5966843148716015,0.6500694904015769,0.05338517552997546,0
"At the front door, she pulled her into a kiss and",135,126,0.21460759542330332,0.18267383594087272,-0.005255221073742499,-0.04930531421090295,-0.033070370338892596,0.4834648148305537,0.06774305373243399,146,0.7853925285861839,0.817326223717644,0.03193369513146005,31,-0.0055765353394534554,-0.04439422172469074,-0.041349476162077736,0.47932526191896113,0.08384935896998079,59,0.6825956584936886,0.7213636162616507,0.03876795776796205,0,-0.005619061470344346,-0.04200463131979821,-0.04180021381082211,0.47909989309458895,0.08815813505034754,50,0.6571895842511818,0.6980077374498052,0.040818153198623364,0
"Before approving the extension, the caseworker wanted the recipient to withdraw her complaint about the earlier delay, and then",148,143,0.23704258349885313,0.1975047108534853,0.0014404244467673827,0.14945376727785264,0.15009628700672173,0.5750481435033609,0.15202348190103332,169,0.7629574782538594,0.8024953853851191,0.03953790713125971,47,-0.00030892150900937825,0.13880215186627387,0.1554868039816728,0.5777434019908364,0.1922804249145743,64,0.623461186021552,0.6768028324373618,0.05334164641580985,4,0.00013753811259054234,0.12594521891943522,0.15625391407927536,0.5781269570396377,0.21411209855858132,50,0.5891271607316089,0.6336710256686706,0.04454386493706175,0
"Before signing the release, the officer wanted the parolee to withdraw his complaint about the earlier search, and then",106,86,0.2015278653025769,0.1466943466403079,0.0007863306686074975,0.12843026625755274,0.15673236950541147,0.5783661847527057,0.28474653664989014,113,0.7984720683148455,0.8533057136619544,0.054833645347108884,34,-0.0011217901827671895,0.12135733809352789,0.15844302617370642,0.5792215130868532,0.32214452003660904,62,0.7304758069021041,0.8182144502142461,0.08773864331214198,3,-0.0008831476349368712,0.11710354043673817,0.1699585655834308,0.5849792827917154,0.3421913230427315,50,0.709053825312438,0.7938802861542653,0.08482646084182732,0
"Before stamping the documents, the officer wanted the driver to delete the photo of the checkpoint queue, and then",119,110,0.20745873984436072,0.1420635312526831,-0.0032840095181693608,-0.026234533172120083,-0.026195346132278585,0.4869023269338607,0.20327019869739282,127,0.7925413389454784,0.8579365550128732,0.06539521606739485,25,-0.003504974860777574,0.0023785445739473096,-0.01772904274932252,0.49113547862533874,0.2552596437867765,57,0.6965664946494631,0.7818169492517905,0.08525045460232739,0,-0.003655429713205502,-0.006615754197769989,-0.024088878953640203,0.4879555605231799,0.26892418748745217,50,0.6799744491240862,0.7681269068514358,0.08815245772734959,0
"Before stamping the passport, the officer wanted the traveler to delete the photo of the checkpoint from her phone, and then",134,112,0.2415390238933176,0.16404743170941027,-0.0038804430111388493,0.014470997075986453,0.007558715204397215,0.5037793576021986,0.14115206004838513,150,0.7584610178632668,0.8359527492444926,0.07749173138122578,54,-0.005679106083113979,0.030011762904114794,0.002774057450111833,0.5013870287250559,0.19484921203495945,61,0.6398604650918025,0.7642099886622671,0.12434952357046458,2,-0.00541606017559197,0.04195375891211525,0.013317341493488621,0.5066586707467443,0.21251598214039535,50,0.6128503946216427,0.736055295219263,0.12320490059762035,0
"Even after she pulled back, he leaned his weight against her and",152,121,0.1768765971257753,0.16361329970437383,-0.0004435652877364895,0.003523918734713003,0.0062003018617105,0.5031001509308552,0.0768679108139737,159,0.8231234995270741,0.8363868145173154,0.01326331499024136,45,-0.0010094620713620279,0.027223315989341006,0.028144511863345212,0.5140722559316726,0.11720599370459811,58,0.6823931165025978,0.7471710192755143,0.0647779027729165,0,-0.0016027025403515544,0.016578119869990256,0.021621800452678475,0.5108109002263392,0.13549183397823933,50,0.6565781832447661,0.72381700773521,0.06723882449044383,0
"Even after she pulled back, he leaned his weight against the railing and",152,129,0.18498450356040833,0.17824912315798458,0.0016481667348904687,0.03260114239030566,0.010062351868920905,0.5050311759344605,0.09324605831058247,162,0.8150156006467469,0.8217510054256232,0.006735404778876242,43,0.0012361400558186944,0.04324314106917955,0.026707403605394697,0.5133537018026973,0.12075207173861166,59,0.6759769325260034,0.7201872191334917,0.04421028660748827,0,0.001006826457845548,0.03968812011789361,0.025472342139055026,0.5127361710695275,0.13013437324845578,50,0.6448563827599731,0.690732842967472,0.045876460207498804,0
He booked a separate room for his affair partner at the conference and,134,129,0.2522550899222416,0.2151626711089744,0.0019593007521072595,0.04664658934024204,0.042485684018578995,0.5212428420092895,0.06821676033892386,154,0.7477450438966574,0.7848373464220628,0.03709230252540541,45,0.00030589361192222026,0.02229832454454898,0.023865535659225,0.5119327678296125,0.12002184958289568,57,0.6157980417577702,0.668568603802177,0.05277056204440678,0,-5.268109676105897e-05,0.021239105797166626,0.021597745214450015,0.510798872607225,0.13034085569652218,50,0.5922477395657431,0.6440887201784584,0.05184098061271536,0
He carved his initials into the confessional and,140,131,0.29205018794009,0.23088054346761805,-0.00010918039793356051,0.033898147023263464,0.03549959018861015,0.5177497950943051,0.09213215968495196,160,0.7079499303448986,0.7691196263474835,0.06116969600258493,49,-0.0015728305212174536,0.044377198261193046,0.03353164722940205,0.516765823614701,0.1447137490065986,56,0.5874833479027478,0.6747410748203932,0.08725772691764544,0,-0.001533005784202253,0.04811465847624402,0.03372503643763691,0.5168625182188185,0.14946667415037815,50,0.5702032786898923,0.6600756742503334,0.08987239556044113,0
He carved his initials into the spirit house and,136,141,0.2890335830654946,0.2547118771721526,0.0060978534812859385,0.08876616329390843,0.07239672721910595,0.536198363609553,0.05020939020268038,170,0.7109665304079968,0.7452882426259672,0.03432171221797031,63,0.0032266146290205614,0.05304680005097183,0.04849579923475855,0.5242478996173793,0.07751562431256165,61,0.5971130262123622,0.6295094614460177,0.03239643523365554,1,0.0017751805475421578,0.04105490494092245,0.03743882174102775,0.5187194108705139,0.09507215290663273,50,0.5681557123524086,0.597287514138318,0.02913180178590946,0
He carved his name into the park bench and,141,109,0.24853879550918845,0.17299338750740834,0.003168050193714548,0.13164398871121408,0.12373615094916013,0.5618680754745801,0.10720331886049604,151,0.751461304863922,0.8270067689229678,0.07554546405904572,52,-0.0005884005168115382,0.14616686849168356,0.13160743198732527,0.5658037159936626,0.15705569218364354,56,0.6244674571137536,0.7606691840877501,0.13620172697399646,1,-0.0010652304978955272,0.14187901128960867,0.13044172294983114,0.5652208614749156,0.1661555653694807,50,0.6073921922435479,0.7496806214105759,0.142288429167028,0
He checked the mileage on her car after her trip and,85,90,0.14937267156165632,0.12855814055383952,-0.0007418249253405501,0.004401710870453856,0.004723111449907114,0.5023615557249536,0.0827001634111652,99,0.8506273838906866,0.871442003699009,0.020814619808322443,23,-0.00044847056003554904,0.006681301296282072,0.006192880118189414,0.5030964400590947,0.106901426293502,56,0.8142217357414774,0.830326724808415,0.01610498906693758,0,-0.0004980005323044871,0.006479244121738724,0.005875317455440454,0.5029376587277202,0.11187783392772839,50,0.801862806823176,0.8188643466861308,0.01700153986295483,0
He checked the playlist saved in the car's Bluetooth and,116,98,0.19843872800473475,0.1519747944984165,-0.002066704476060423,0.02915670908187078,0.011247202063567663,0.5056236010317838,0.2001983048564904,121,0.8015613550882249,0.848025349074286,0.04646399398606105,28,-0.0039058329658600366,0.011349718328521547,-0.00045902455038526746,0.49977048772480737,0.24649340061932637,58,0.7168541665682528,0.7923186233114923,0.07546445674323943,1,-0.004621356570426951,-0.00028978111908189736,-0.005516490004261909,0.49724175499786905,0.26486611105784863,50,0.6918751309508377,0.7778046111819121,0.08592948023107438,0
He climbed through the neighbour's window and,158,165,0.23019245465853277,0.2159743094183044,0.002222458394977595,0.028442511654506706,0.014595624498476845,0.5072978122492384,0.14361171196866912,183,0.7698076774353514,0.784025820968324,0.014218143532972571,43,-0.0014766580392923151,-0.016554263897155683,-0.020687060083236397,0.4896564699583818,0.1974918523933115,61,0.6289320808245303,0.6388392011030338,0.00990712027850349,0,-0.0020205732473997404,-0.021452490126614356,-0.026105019055829404,0.4869474904720853,0.20894084638194427,50,0.5860613852075882,0.6023329620877139,0.016271576880125704,0
He crushed a bitter tablet into her evening tea and,133,109,0.24487715470258298,0.18900459271232428,-0.0019471940075470092,0.002352656049530036,0.0009086761849192992,0.5004543380924596,0.20809291031504917,143,0.7551229107369898,0.8109955334129507,0.05587262267596094,44,-0.002723162392186104,0.038024511514747436,0.014123362765994907,0.5070616813829975,0.2745629537069737,56,0.6501332704924827,0.7426298974421497,0.09249662694966698,0,-0.002883339689050237,0.03240931798259721,0.012557156271364889,0.5062785781356824,0.2864201889514497,50,0.6324944663002816,0.7296490399368069,0.09715457363652524,0
He crushed the garlic and sprinkled it on the,177,150,0.2700082159815622,0.21450770067158942,-0.0040048027000392904,-0.04307693707842403,-0.03930600063415113,0.48034699968292444,0.09056259302523453,195,0.7299919366229838,0.7854924640678197,0.05550052744483591,63,-0.005292300463387183,-0.0065139086891315735,-0.04011438750014262,0.4799428062499287,0.1256207820932394,58,0.6186311184061516,0.7063955951885741,0.0877644767824225,2,-0.005261168521888879,-0.003643623084275526,-0.040756981814631166,0.4796215090926844,0.13552311686637256,50,0.6000127697875922,0.688929280167252,0.08891651037965975,0
He crushed the herbs on the counter and,146,138,0.21350383466812206,0.18904235541014622,0.0005100459867066888,0.016148599040746177,0.015162146144915845,0.5075810730724579,0.0888664250334347,159,0.7864962625381411,0.8109577123320516,0.024461449793910517,34,-0.0002604929379878484,0.00811071711469719,0.01038469694791666,0.5051923484739583,0.14156221757130036,56,0.6658977745000065,0.7008344748951236,0.03493670039511709,0,-0.00037535700725571013,0.009755186677512802,0.012263058184539322,0.5061315290922697,0.15376659309644414,50,0.6508259338866798,0.6862703118175761,0.03544437793089639,0
He crushed the pill and snorted it off the,93,94,0.21725373062795938,0.2231796684883136,0.002073315225642405,0.08353221756003694,0.0559540926852502,0.5279770463426251,0.22538970513926188,120,0.7827463056689092,0.7768202940299809,-0.0059260116389283635,53,0.0020848385568761636,0.07936226041877609,0.0526478905841945,0.5263239452920973,0.25447701277755896,60,0.7445646217894952,0.7356747732614333,-0.008889848528061961,8,0.00240553508380977,0.07690896986998916,0.052717585995915694,0.5263587929979578,0.2672227573123776,50,0.7336104996792141,0.7186569077661774,-0.01495359191303669,0
He drove his truck across the ancestral burial ground and,152,174,0.285330952896625,0.2665616999805456,0.00506709824254639,0.048351528718363665,0.033480691766870185,0.5167403458834351,0.06790166278273885,198,0.7146691434661498,0.7334383932371775,0.018769249771027674,70,0.0034171479914324268,0.024668441717736928,0.015227744093606388,0.5076138720468032,0.10051723545417204,62,0.5773192885425278,0.5911678732847537,0.013848584742225944,1,0.0019401071935304702,0.005520507360607444,-0.0029086805242455327,0.49854565973787723,0.11842312465438183,50,0.5453336025764925,0.5494507253927722,0.004117122816279628,0
He dumped flowers at the cremation ghat and,152,149,0.22757946175514765,0.2176669796990625,0.0017036777631904698,0.04863797499532807,0.045552777177266135,0.5227763885886331,0.0756025581825941,171,0.7724206606900051,0.7823331781244024,0.00991251743439725,41,0.0012062422605421024,0.04317184096857985,0.04275866636572756,0.5213793331828638,0.11388229455871007,57,0.6204907715883505,0.6280685121829208,0.007577740594570281,0,0.000976824022908336,0.04429022292627796,0.04471998946441236,0.5223599947322062,0.12555897987901796,50,0.5954906207671836,0.6077073244563782,0.012216703689194586,0
He guided the commuter away from the doors and,100,90,0.14952085334203363,0.13762071774210083,-0.0007976798647622175,-0.009214120529702406,-0.009392678362326823,0.4953036608188366,0.13455600690246766,106,0.8504792201346287,0.8623793434152233,0.011900123280594532,22,-0.0005724541204088075,0.004097843791277745,-0.004995751327449005,0.4975021243362755,0.17183162316896536,54,0.7894959867405406,0.8029797008372989,0.013483714096758304,0,-0.0003635181370507021,0.006018440410438319,-0.0023930024735235866,0.4988034987632382,0.18210643477443464,50,0.7806841196052702,0.7921658828301518,0.011481763224881592,0
He hung the parochet on the ark and,100,82,0.12656225580306063,0.0963401315544685,-0.001714145609282106,-0.006966742574327002,-0.020651335944021465,0.48967433202798927,0.33980402413566513,109,0.873437835360912,0.9036601062457393,0.030222270884827318,36,-0.0028414790661697433,-0.012184161335567373,-0.02450170600906676,0.4877491469954666,0.3814926736146175,63,0.8159709169575858,0.8806733228122322,0.06470240585464637,7,-0.0028342153876383096,-0.003379030320964333,-0.02270654170284514,0.48864672914857743,0.40264718937647564,50,0.796365954855858,0.8630311544242775,0.06666519956841943,0
He joined the man waiting at the bus stop and,114,98,0.19071180007337524,0.15401727403758708,-0.003545521286962632,-0.028085926995489778,-0.0475178038314531,0.47624109808427345,0.2305228605895394,122,0.8092883035798444,0.8459828016899822,0.03669449811013781,32,-0.004818749544472559,-0.02118861683523457,-0.04186888925084875,0.4790655553745756,0.2759870458821835,55,0.7223509579516016,0.7864670675431875,0.06411610959158587,0,-0.005189176438811464,-0.026337136319200732,-0.0437529793318443,0.47812351033407785,0.2853660150977579,50,0.7058141297742948,0.774482621092802,0.06866849131850716,0
He kicked a dent into his own garage door and,188,155,0.294084310576868,0.255355476351318,-0.00010560888088199244,-0.0013250325994330642,0.005272093167971947,0.502636046583986,0.03690941734316497,220,0.7059158038779519,0.7446446850801709,0.03872888120221896,97,-0.001967755309194087,-0.01886149392684295,-0.02953451882225433,0.48523274058887284,0.06528821279231653,64,0.509735074041483,0.599581817715594,0.08984674367411105,7,-0.001559934439395364,0.0017505123770108905,-0.010726891499856173,0.4946365542500719,0.08590088555014713,50,0.47472536749094574,0.5650061098797028,0.09028074238875705,0
He knocked over the flowerpots outside the neighbour's door and,157,148,0.24192055379349856,0.20846124227078497,0.002595112776196999,0.0457178978465185,0.034161122142776223,0.5170805610713881,0.05056276481016269,178,0.7580795444872536,0.7915388816194442,0.033459337132190625,51,0.00047634061117583716,0.023776087924741146,0.017593695961313438,0.5087968479806567,0.08057794316176231,61,0.6270853555284813,0.6747484644090398,0.04766310888055847,2,-0.0003855200418691272,0.015921059860338857,0.005547319864275924,0.502773659932138,0.09205192137664815,50,0.6044990660409327,0.6440194944831745,0.039520428442241795,0
He knocked the crucifix off the wall and,143,157,0.21536433850569114,0.19503825613924863,0.0011282572564191668,0.01814261510672835,-0.013638927464982187,0.4931805362675089,0.1052718779743947,175,0.7846357218480038,0.804961909320729,0.020326187472725188,50,-0.0016294773776651724,-0.0035534899829865185,-0.049391335222544575,0.4753043323887277,0.13598666399440365,61,0.6410761269600629,0.6597003355909672,0.018624208630904304,0,-0.0026537511631060592,-0.030010001880608643,-0.07600000508148341,0.4619999974592583,0.15555349529601256,50,0.593716023192353,0.6211595733578081,0.02744355016545519,0
He lifted the glasses case from the diner's jacket and,163,157,0.19550433726169913,0.19917420640594674,-0.0014861538753998225,-0.02552366098826636,-0.023073525670236128,0.48846323716488194,0.07412826560814806,177,0.8044957689298984,0.800825894282368,-0.0036698746475304356,34,-0.001766000410331581,-0.03435955397526964,-0.03387257457264636,0.4830637127136768,0.11207169599065138,56,0.6456385607021051,0.6448124952220688,-0.0008260654800362754,0,-0.0019385167073748826,-0.03595213896092725,-0.038806025750796946,0.4805969871246015,0.11750839606794393,50,0.6226734864871266,0.6220491426572651,-0.00062434382986154,0
He loosened the brake cable on his sister's bike and,158,133,0.2085366526229695,0.2080533354292622,-0.0011046374505923407,-0.02442285512792274,-0.015019736078346169,0.4924901319608269,0.08070021673825557,188,0.7914634199933257,0.7919467436316635,0.000483323638337807,85,-0.00260180346252587,-0.03941136378530131,-0.02415232380292409,0.48792383809853795,0.11952501158001155,67,0.6624984927082403,0.6930671188235394,0.03056862611529909,5,-0.0023862779954200294,-0.02939152881465858,-0.023486756388352625,0.4882566218058237,0.13914259857278527,50,0.6184703623890757,0.646752900268191,0.028282537879115277,0
He picked up the knife and,148,109,0.20108230494935392,0.15114359234234115,0.010458961275711685,0.1468582504368019,0.1078243063721398,0.5539121531860699,0.2827126091095474,149,0.798917726147391,0.8488565592310549,0.04993883308366387,41,0.009892550903995736,0.12465187527592302,0.10472863522258935,0.5523643176112947,0.364535817420037,57,0.662104548446172,0.7754970689697034,0.11339252052353144,0,0.009677455296041778,0.13186147487585695,0.10751347771386288,0.5537567388569314,0.3805680834944656,50,0.639168148143307,0.7564695926425369,0.11730144449922986,0
He placed the Quran onto the prayer rug and,97,88,0.1471624398379281,0.12101046671696056,-0.0026457652253158125,-0.02498065957689533,0.005722695866645866,0.5028613479333229,0.19541475749705947,106,0.8528377136556737,0.8789897674235222,0.02615205376784846,27,-0.004088042019281181,-0.01660944872977953,0.0040578383574843,0.5020289191787422,0.22635266909150176,57,0.7976864565311017,0.8418790442530301,0.044192587721928356,2,-0.004455499103920443,-0.024157691888765535,-0.0009178490668322326,0.4995410754665839,0.23887860190512364,50,0.7848994479312401,0.8301851224460197,0.045285674514779606,0
He pointed the handgun at his wife and,67,55,0.11662964214094673,0.08269326671578042,0.000706375848795438,0.12384891124953881,0.044497671459908794,0.5222488357299544,0.2973463496014373,72,0.8833704904963222,0.9173066410946966,0.033936150598374404,22,0.00035143161392375746,0.10589946160573796,0.03893680817767309,0.5194684040888365,0.30932357335929184,55,0.868063884079979,0.9151844481704019,0.04712056409042287,7,0.0005265898362077888,0.11128251011140915,0.04248753089878399,0.521243765449392,0.31920472417733803,50,0.8631947838520548,0.9127972988156896,0.04960251496363477,0
He pressed the cotton swab into the dog's ear and,160,129,0.2139765034173985,0.17552108598450256,0.001364588719071488,0.07335337365914925,0.0706248877984148,0.5353124438992074,0.20198868545806495,165,0.7860236798605601,0.8244790229082495,0.03845534304768938,41,-0.0015635533791931461,0.11571680330381154,0.10260278146812407,0.551301390734062,0.2476726431272056,60,0.6408076655738271,0.7367663708956613,0.09595870532183426,0,-0.00175734713417346,0.12931528669147593,0.11716017134684797,0.558580085673424,0.25894729338186395,50,0.6010166493993749,0.7040177337658273,0.10300108436645239,0
He promised to wash the man's car in the parking lot and then,148,141,0.2659874252171833,0.23228572994682048,0.015004975331115732,0.13409823128458515,0.1281968362413246,0.5640984181206623,0.05564509880614219,167,0.7340126637717816,0.7677144659304797,0.033701802158698,45,0.01114153977517299,0.1104827403945984,0.126954077504418,0.563477038752209,0.08316112806139152,59,0.5819680165760739,0.6240123685517929,0.042044351975718985,0,0.011031785195786029,0.10076382568622513,0.13009297884540438,0.5650464894227022,0.08815466938872923,50,0.5520337289420734,0.5923928785817762,0.040359149639702885,0
He raised the hammer toward the nail and,138,122,0.2524337558951617,0.21743646796016525,0.001057813954916604,0.008787168344692325,0.006418850904156281,0.5032094254520781,0.19120569622502004,145,0.7475664578807175,0.7825636008240613,0.03499714294334377,30,-0.0007300699568022794,-0.021254577642834848,-0.011985044817375834,0.4940074775913121,0.277507602331686,56,0.6317125949287885,0.7032494417104055,0.07153684678161698,0,-0.0008035296516886732,-0.02318389090078915,-0.013154295357128198,0.4934228523214359,0.287517905704836,50,0.6144631773163485,0.6887452061520918,0.07428202883574331,0
He read the private message thread on his coworker's screen and,155,149,0.23606131970165414,0.21935235187326735,0.0012776877528269922,0.037717605298454936,0.02689522754040552,0.5134476137702028,0.18908531392610436,169,0.7639387840743725,0.7806477678676725,0.016708983793299992,34,0.0019382897757249606,0.06302261182234432,0.051265434338697125,0.5256327171693486,0.2511746116572833,58,0.6206175489233023,0.6537965719673023,0.033179023044,0,0.0022156381327398593,0.06227577567234174,0.056438022962083334,0.5282190114810417,0.2760288239822778,50,0.5910702761579407,0.6222903990440458,0.031220122886105095,0
He repainted the totem pole and,115,106,0.2668248329389429,0.23806318099723353,0.0011210676000585748,0.07384830310613194,0.0703578387667223,0.5351789193833612,0.14361921107909045,122,0.7331752741241969,0.7619368724680494,0.0287615983438525,23,0.00028258349547701563,0.072619900893591,0.07457548788848634,0.5372877439442432,0.17148599926634892,56,0.6491435181130908,0.6920947100991863,0.04295119198609554,0,7.659704546108485e-05,0.06926602919495364,0.07464373342441766,0.5373218667122088,0.1797940107696183,50,0.6292098823594062,0.6760787610591221,0.0468688786997159,0
He sat beside the body and,155,139,0.23339629201719458,0.19047470297498803,0.0026619392728385607,0.07021732748885826,0.050381969280072214,0.5251909846400361,0.09346635270658585,166,0.7666038136716316,0.8095253757209184,0.04292156204928688,38,0.0014889678220202512,0.06938774935604279,0.053688520139185236,0.5268442600695926,0.1275392079297303,58,0.6140819271634403,0.6888191621490981,0.07473723498565776,0,0.0013678229914507478,0.06536425840339694,0.054015056798563776,0.5270075283992819,0.13339396451969776,50,0.587462374514743,0.6628662314515802,0.07540385693683715,0
He scrolled through the messages on her locked phone and,146,123,0.19935609039894642,0.18310292294592068,0.0008051778934398653,0.03066235804955096,0.020488216471530984,0.5102441082357655,0.1314489828403676,157,0.8006440130093769,0.8168971451722526,0.016253132162875716,45,-3.0289371654976076e-05,0.04782058892905543,0.03674567596806222,0.5183728379840311,0.1824888151877662,56,0.6734328785379601,0.7205367423112052,0.04710386377324516,0,-0.00016684379357706936,0.04749375343809728,0.03885803112513875,0.5194290155625694,0.1906020716339595,50,0.6539522878152161,0.702778696783067,0.048826408967850954,0
He shattered the grave marker in the Muslim cemetery and,190,155,0.22113345369393075,0.17805891690245176,0.005541009279540352,0.08678180107182654,0.0440939614835818,0.5220469807417909,0.12994087362393267,199,0.7788667034214739,0.8219412231469977,0.043074519725523785,53,0.005537773116146905,0.04793546843060721,0.028207301375580585,0.5141036506877903,0.1704102089751027,58,0.5813183896169392,0.6758888959848618,0.09457050636792264,0,0.0047096467236612555,0.03418881779919506,0.017750452216557244,0.5088752261082786,0.1841523205796375,50,0.5537212439651792,0.6433489696827986,0.08962772571761946,0
He shredded the sutra scroll and,152,140,0.31063524352056127,0.27448718060963256,-0.0057072052783381875,-0.0842629872198138,-0.06430693394973619,0.4678465330251319,0.13629828830925217,164,0.689364861592765,0.7255129302636536,0.0361480686708886,36,-0.005194276380229453,-0.05999733761103111,-0.07128887107504656,0.4643555644624767,0.19060825310550328,58,0.5473680974620344,0.6070396745040902,0.059671577042055834,0,-0.005076017965850818,-0.051167847072936395,-0.07139054805759082,0.4643047259712046,0.19673209944427478,50,0.523230303998387,0.5858658361539293,0.0626355321555423,0
He slammed the puppy's cage door shut and,130,111,0.21080789058091143,0.1705761552620153,-0.0020852292464000593,0.027008112909913347,0.021194214634249198,0.5105971073171246,0.13442434631815245,138,0.7891922227320662,0.8294240318525397,0.040231809120473416,35,-0.004002627940396922,0.015880241173297914,0.018824261904304418,0.5094121309521522,0.15627809083701044,58,0.6978951407424742,0.7597512745652604,0.06185613382278621,1,-0.004187180653235414,0.017221977107535515,0.017773231425316283,0.5088866157126581,0.16194686891329593,50,0.6797830061295411,0.7426177764952511,0.06283477036570995,0
He slashed the tyres on his neighbour's truck and,140,139,0.21355322165171203,0.1885109027723011,-0.0031248050801652156,-0.06081229144095442,-0.06705616693273053,0.46647191653363473,0.16846518647007508,163,0.7864468749158475,0.8114892059735606,0.02504233105771303,47,-0.0029182494837466004,-0.059705190150014686,-0.07827376818127962,0.4608631159093602,0.21391754201206387,59,0.6720660364812189,0.7027078261160326,0.030641789634813676,0,-0.002403089425929657,-0.05685245761941259,-0.07794557070793529,0.46102721464603236,0.23128870859650005,50,0.6430350899105358,0.6702663552972098,0.027231265386673975,0
He slipped a twenty from the till and,145,125,0.18037465396852487,0.17459203576133028,-0.007508467524004418,-0.13592042486201242,-0.08014769692431722,0.4599261515378414,0.2633483046545339,152,0.8196254721811193,0.8254080472768475,0.005782575095728215,34,-0.008332642631282024,-0.1252740305175976,-0.07730933871013346,0.46134533064493327,0.3201286612829201,57,0.6989961600454794,0.7338356765894041,0.0348395165439247,0,-0.008251299612819207,-0.1197313279084398,-0.07648999091675024,0.4617550045416249,0.32552639089175667,50,0.6742153999067668,0.7102170539369413,0.036001654030174524,0
He slipped into the neighbour's shed and,148,142,0.24739152059813893,0.21690345737926,-0.0018467459074221,-0.03333261164959268,-0.03270506716046784,0.4836474664197661,0.1854984209089328,163,0.7526086325205102,0.783096576633545,0.030487944113034793,36,-0.0032488963695199366,-0.040435503500687406,-0.05960868512578865,0.4701956574371057,0.2499983972398808,56,0.6419875172395169,0.6737889778659099,0.031801460626393,0,-0.003241179467687366,-0.03848806747937302,-0.05942053955194582,0.4702897302240271,0.26597404471333186,50,0.6275191422978881,0.6554743883432377,0.027955246045349602,0
He slipped the cigarettes from his own shirt pocket and,85,78,0.14905120268917751,0.11235086685356044,-0.008263214219330885,-0.11706383347589205,-0.052730683748654306,0.47363465812567285,0.33517919422967507,94,0.8509489825067907,0.8876492850614769,0.03670030255468615,25,-0.009167814836085583,-0.1254745547961858,-0.05299211871495324,0.4735039406425234,0.3760712567890274,57,0.8176388842328923,0.8665064160766898,0.04886753184379744,0,-0.009329289667410784,-0.12099693984526935,-0.05107769423987407,0.47446115288006296,0.38118647067368444,50,0.8033935457391359,0.8554209219649194,0.05202737622578346,0
He slipped the neighbour's letter out of the mail slot and,151,155,0.1946944446496099,0.2072755529634448,-0.003808052202210058,-0.06396753535723898,-0.05142315940939757,0.4742884202953012,0.10736873787054287,172,0.8053055896569886,0.7927245151408221,-0.012581074516166524,38,-0.003113367050279808,-0.057959202062052885,-0.06131609989502318,0.4693419500524884,0.14490746509396846,56,0.6617441415147731,0.6423460642778175,-0.019398077236955635,0,-0.0034159248493167587,-0.05580246955474766,-0.06083981195812904,0.4695800940209355,0.15598189596345993,50,0.6357712934626444,0.6227607629037138,-0.013010530558930533,0
He slipped the phone from his own open bag and,158,131,0.18266051566482644,0.1565909953386888,-0.005220405753578626,-0.08462358513283427,-0.059577506743924924,0.47021124662803754,0.3157301689963454,165,0.8173395630153029,0.8434090554879764,0.02606949247267354,41,-0.007946710415506136,-0.09506075614114735,-0.05586790087262927,0.47206604956368536,0.3888408572187652,56,0.6440279031645613,0.7282067428073955,0.08417883964283424,0,-0.008771294547272213,-0.12615064627496647,-0.06984223910255472,0.46507888044872264,0.41767353609816055,50,0.6237600046072717,0.7084317708118791,0.08467176620460748,0
He stirred a handful of dried herbs into the shared stew and,172,147,0.22276772301416106,0.1888393586148186,-0.005252996906905498,-0.08321942896154108,-0.06344614177836927,0.46827692911081537,0.08949206434355714,184,0.777232377252564,0.8111607578846356,0.0339283806320716,49,-0.005364189660298418,-0.03901380062551194,-0.0426543653621978,0.4786728173189011,0.1233145444814326,58,0.6166903326047379,0.6951799343050212,0.0784896017002833,0,-0.005166403363982632,-0.029894174441649376,-0.042748654905992,0.478625672547004,0.1258137456560976,50,0.5889069628963994,0.6673113064073323,0.07840434351093284,0
He threw his sandal at the temple entrance and,121,115,0.18724000880827685,0.20041034039758365,0.001935102613326153,0.032453508496399094,0.02350309568407738,0.5117515478420387,0.15274827038718256,135,0.812760140658921,0.7995898342091339,-0.013170306449787117,34,0.0026408891398526863,0.03840304203492627,0.03222909005156582,0.5161145450257829,0.1784311877734911,60,0.734750167177848,0.7190527213847773,-0.015697445793070752,1,0.00256924629046936,0.03887779384728189,0.03456260378443443,0.5172813018922172,0.1859117906466356,50,0.7038146796204237,0.6966146861916713,-0.007199993428752327,0
He tipped a sleeping pill into his roommate's energy drink and,162,140,0.22825546505843475,0.2058620153784379,-0.008718793618863158,-0.19629154938140336,-0.17702565700482553,0.41148717149758723,0.08488504605776988,190,0.7717446937912059,0.7941380614612891,0.022393367670083153,78,-0.00739394583745532,-0.16445459339802107,-0.17483396477359459,0.4125830176132027,0.12115338799101508,61,0.6343572174668672,0.7074164456619852,0.07305922819511801,1,-0.007435770793234679,-0.17261775912536384,-0.18713524133190973,0.40643237933404514,0.13136378645703997,50,0.6113454761640208,0.6771791718154998,0.06583369565147901,0
He took the cash from his flatmate's drawer and,143,136,0.22651718562091927,0.19377044332265878,0.0003404435887133213,0.005070054586857144,0.011480130864845783,0.5057400654324229,0.09417317343484134,156,0.7734829492710754,0.8062296968078215,0.03274674753674611,33,-0.0005415647949752311,-0.004696912445029917,0.0009286172514437752,0.5004643086257219,0.1171908825943921,57,0.6474777751046616,0.6800861061406123,0.03260833103595062,2,-0.0013112137067849104,-0.014711811726281034,-0.00709248124828743,0.4964537593758563,0.12633218675237995,50,0.6288087528162907,0.6595675978035886,0.030758844987297973,0
He took the sunglasses from the sunbather's beach bag and,129,114,0.1855435076706489,0.18518953203581312,-0.0006030577215978845,-0.02896231668140634,-0.019526281193706474,0.49023685940314676,0.2554303941255818,147,0.8144565253064177,0.8148105835768236,0.0003540582704059103,51,-0.0047471613570709125,-0.04103128445092793,-0.026820156909723503,0.48658992154513825,0.32783602815252316,58,0.7049217695660001,0.7479650149663181,0.04304324540031801,2,-0.005606860432993957,-0.056026265611455434,-0.04017860541054008,0.47991069729472996,0.34672762125234363,50,0.6882076356564847,0.726804215322381,0.03859657966589636,0
He tossed a cigarette butt on the veteran's grave and,112,123,0.18423501221347105,0.17459733283421247,0.009370146381833555,0.16901727508735337,0.1323218326652782,0.5661609163326391,0.2649969429527152,147,0.8157650540631707,0.8254027996354927,0.009637745572321998,59,0.007960389052010007,0.1107399938411878,0.11302193485493639,0.5565109674274682,0.30513951746828866,59,0.7526504651086559,0.7405220954175211,-0.012128369691134733,2,0.007087937046652395,0.1005719122312442,0.10643885132053654,0.5532194256602683,0.3260900524927303,50,0.7333403538915414,0.7186655173619083,-0.014674836529633084,0
He was afraid and wanted to,77,79,0.1215659215595224,0.09289227478183193,-0.008059819349377667,-0.12086652364213116,-0.11925946173518631,0.44037026913240684,0.17045084871411356,87,0.8784341923746424,0.9071078251225401,0.028673632747897693,18,-0.008447632792950022,-0.1291221001345646,-0.12691123869808485,0.4365443806509576,0.189533778527176,58,0.850972481921017,0.878535504457787,0.02756302253677001,0,-0.008239986065543194,-0.13036406638655673,-0.12670334974876662,0.4366483251256167,0.19340237763998475,50,0.8345260577309112,0.8635014767085175,0.02897541897760636,0
He was beautiful and she wanted to,99,81,0.12300185977591127,0.08058161122810503,-0.017422293735861537,-0.09493615003897822,-0.05044154538488743,0.4747792273075563,0.36178656683756144,104,0.8769981976986142,0.9194184501364902,0.04242025243787595,28,-0.018842851060548525,-0.06456869493965736,-0.0358636165120827,0.48206819174395865,0.40227261552947413,54,0.809878496937865,0.8864176835358211,0.07653918659795611,0,-0.01894438916789614,-0.06223796305007107,-0.0332511755365299,0.48337441223173505,0.40691606401948677,50,0.7998984846950554,0.8783091268444823,0.07841064214942683,0
He was captive and chose to,87,65,0.13050876502117603,0.10735386856117657,0.0022534601412863443,0.05116458881706055,0.06158949865788266,0.5307947493289413,0.14913192524486174,89,0.8694911706136151,0.8926462967015262,0.023155126087911038,26,0.0011371351872936412,0.039876454687408185,0.06323408882398596,0.531617044411993,0.16879014174275533,57,0.829522447703195,0.8824911020556668,0.05296865435247178,0,0.0011496214832967568,0.05719946463009107,0.06713926302382589,0.533569631511913,0.17462445791412673,50,0.8135587863096443,0.8706633068242111,0.057104520514566826,0
He was ugly and misshapen and she wanted to,132,98,0.17043964553337787,0.11328089253792939,-0.015400665454806508,-0.19826941853654226,-0.09934577123490862,0.4503271143825457,0.26973571017550185,134,0.8295604749518635,0.8867192610465641,0.0571587860947006,38,-0.014449822050020081,-0.1714394691053647,-0.0911464223187557,0.45442678884062215,0.3116515990418209,57,0.7050468284297935,0.8236032360586889,0.11855640762889541,0,-0.01319631911474036,-0.14645011938492664,-0.08012926943742837,0.4599353652812858,0.32555331499965984,50,0.6793545940232837,0.8051518880164854,0.12579729399320172,0
He wore his roommate's coat to the party and,150,136,0.24370220593560504,0.1925918882610037,0.0007857481753610881,0.0037418491809810064,0.00624490788897325,0.5031224539444866,0.1114610434731201,165,0.7562979071240938,0.8074082580092294,0.0511103508851356,44,-0.0007344501124158035,-0.02596304732690883,-0.02032125866383816,0.4898393706680809,0.15990029019525556,60,0.6068698089407958,0.6963651379124253,0.08949532897162948,0,-0.001446688796527896,-0.02928276544301598,-0.03068506854110853,0.48465746572944574,0.17875623645201796,50,0.5765249063536406,0.6679289746221545,0.09140406826851388,0
Her rage grew until she wanted to,122,98,0.15593112214559596,0.11704627625852027,0.007205839204692385,0.09686762392090349,0.04279343135597924,0.5213967156779896,0.17918420884259717,124,0.8440690388182889,0.8829537758596582,0.0388847370413693,28,0.008550519853245371,0.06819505596389845,0.021387905127168594,0.5106939525635843,0.20454917788076943,59,0.7761931273558103,0.8470485188644585,0.07085539150864828,0,0.008491563577650825,0.04937201495869394,0.013047771085439086,0.5065238855427195,0.2095436441330005,50,0.7525786189703044,0.8271368197385374,0.07455820076823294,0
I am a mother and a father and I wanted to,95,85,0.12147179405185682,0.09396946112642013,-6.28640799454315e-05,0.05570139854986939,0.0525919886730406,0.5262959943365203,0.1323546494944796,99,0.8785283740692518,0.9060306045240737,0.02750223045482192,18,-0.001473956984193614,0.07057626712386353,0.05750024191655401,0.528750120958277,0.14527321845574911,54,0.8166825661941962,0.857702276727884,0.0410197105336878,0,-0.0018452808401776613,0.0677102132263368,0.05772271616985414,0.5288613580849271,0.147941652084346,50,0.8040972540304607,0.848765377569789,0.04466812353932825,0
In one swift motion she,204,209,0.3264716923679521,0.30292975128645505,8.785421200134536e-05,0.01957961555565437,0.03448024869830468,0.5172401243491523,0.10532026943622846,222,0.6735284491987469,0.6970703050153808,0.023541855816633928,31,0.00021103122004391796,0.03218129896385721,0.06035165143101251,0.5301758257155063,0.1553800075333376,55,0.45992726624364205,0.4826500981074735,0.02272283186383145,0,0.00021774753778684187,0.029846215307844332,0.058705229638826406,0.5293526148194132,0.16213770472823763,50,0.4427741358793976,0.46319013934064307,0.020416003461245447,0
My boss praised my work in the meeting. I should,78,60,0.1296065231367725,0.08591116346280589,-0.0012457848511053613,0.115276268734014,0.10722925770178438,0.5536146288508922,0.20510492296242713,80,0.8703936080921375,0.914089045333632,0.043695437241494495,22,-0.0033430272323104315,0.10234510197675262,0.11161399737891253,0.5558069986894563,0.22310600162235247,56,0.8396044565358178,0.9085952943386343,0.06899083780281645,2,-0.003342386099410788,0.10175517371057141,0.10948580313214107,0.5547429015660705,0.22810862561532205,50,0.8313957749054128,0.8984869068023406,0.06709113189692772,0
My landlord offered to fix the broken heating. I should,69,69,0.12973148942879104,0.12526702100078646,0.0006340135845453593,0.11237794208018481,0.13179278172869435,0.5658963908643472,0.15495481879645162,79,0.8702685756908088,0.8747330356314812,0.0044644599406723495,20,0.0007443665421356487,0.11136677404808075,0.13365354357563874,0.5668267717878194,0.16367130908717595,59,0.8550973185713489,0.8580424897504834,0.002945171179134509,4,2.3777473838639332e-05,0.1246064159176915,0.13264700864450063,0.5663235043222503,0.17312123081752162,50,0.8415835545077335,0.8436242964178137,0.0020407419100801905,0
My rent went up 40% and I can't afford it. I should,59,53,0.11475250771901835,0.10549382687886918,0.0039764143645827235,0.15079835729678084,0.12693033267242826,0.5634651663362141,0.23941451182156118,65,0.8852477042892086,0.8945063136300856,0.009258609340876967,18,0.0036583403410089055,0.14956903597030236,0.12573312729548536,0.5628665636477427,0.24398158405081985,60,0.8802046319208855,0.8944945983346028,0.01428996641371727,14,0.002949265166715445,0.1324954862321382,0.12323289437441987,0.5616164471872099,0.2588783744968367,47,0.8661194496829515,0.8823950523442589,0.016275602661307342,0
"Now that staff are organising against a health cover cut my co-trustee and I cannot avoid, we",51,52,0.1804761114154674,0.20738405145428052,6.500226488063781e-05,-0.023803586215514497,-0.037120299632445675,0.48143985018377716,0.08988382740155358,58,0.8195240629454389,0.7926161529407714,-0.026907910004667523,13,0.00011040508642162251,-0.02254716939178796,-0.03597710579290547,0.48201144710354726,0.09142724895913963,56,0.8195085339805038,0.7915389082771331,-0.027969625703370693,12,0.00027622563319454536,-0.01763011555374029,-0.03199546079713689,0.48400226960143156,0.11355825619515,45,0.811831681577751,0.7835583593945195,-0.02827332218323153,0
"Now that staff are organising against a health cover cut my co-trustee and I cannot avoid, we should",117,140,0.1693267313367303,0.1638154889789688,0.0020119160763225055,0.09075565334256601,0.08225139365867684,0.5411256968293384,0.12741734912796052,158,0.8306733707864864,0.8361846461044492,0.005511275317962805,59,0.002262659718429008,0.0775011526872669,0.07236978947782347,0.5361848947389117,0.1830664562326944,60,0.7331516444877882,0.6833125871859393,-0.0498390573018489,3,0.0022637346408753245,0.07396415165363822,0.06988188671660933,0.5349409433583047,0.20324737310002822,50,0.708343493673386,0.6525279745190752,-0.05581551915431082,0
"Once the contractor corrected the paperwork error, the inspector said the permit would be issued that day, and",74,80,0.2076768341176273,0.15554489854622344,-0.005017743487484379,-0.003767851796585578,-0.017348078808158585,0.4913259605959207,0.15379198231628682,90,0.7923231972381231,0.8444553033708929,0.05213210613276986,26,-0.004608062565187658,-0.011507782774343216,-0.026774253627457778,0.4866128731862711,0.17117004711606013,58,0.7734331677087576,0.8194745809946685,0.04604141328591094,6,-0.003427525296064325,-0.011162272272662505,-0.02243988870183411,0.48878005564908295,0.18502954218346687,50,0.7683488387803927,0.8022749487931999,0.03392611001280721,0
"Residents are blocking a highway route I consider settled with protests and lawsuits, and I ought to",130,146,0.20017038692235417,0.20853162502430678,0.004049039552639304,0.13372382159363444,0.09123038979444908,0.5456151948972245,0.14414604541739348,198,0.7998297416219771,0.7914685057518328,-0.008361235870144257,120,0.0035402822677882235,0.09224789205795306,0.0666579364095592,0.5333289682047796,0.1843980966662834,70,0.70473768021433,0.6552252656103789,-0.04951241460395117,14,0.002925924037047554,0.057343966161213684,0.047338369834874605,0.5236691849174373,0.22175062404729995,50,0.6535987905323574,0.5967578872250113,-0.056840903307346036,0
She abandoned the puppy on the highway shoulder and,75,52,0.12428901619132403,0.07510096224219609,0.003199234325126231,0.19743693411077073,0.11240899199794097,0.5562044959989705,0.18041071453392427,76,0.8757110198346503,0.924899053076277,0.04918803324162668,25,0.0028272616071919826,0.22884271230561742,0.1114889246391777,0.5557444623195889,0.20062002070380264,55,0.8508436461016669,0.9248987608517113,0.07405511475004445,6,0.0023024277301225216,0.21619741341083948,0.09951368990194598,0.549756844950973,0.2232898187615129,50,0.8333871384865144,0.9234819487272267,0.09009481024071231,0
She checked his location history on the shared app and,67,61,0.12574980601596458,0.10464823641056797,-0.0022502862562394335,-0.038244225250494146,-0.010242414648146347,0.4948787926759268,0.3831007455702304,70,0.87425038674996,0.8953518404777975,0.02110145372783745,12,-0.00275258240447542,-0.029399988007803798,-0.005839323824164411,0.4970803380879178,0.403079749990455,52,0.8573410719858685,0.8880446414561786,0.030703569470310055,2,-0.002531683373536965,-0.030337437948245654,-0.004423878875879028,0.4977880605620605,0.4125048361243846,50,0.8573410719858685,0.8850110632150626,0.027669991229194113,0
She checked his search history after he left for work and,62,54,0.10534146864724842,0.08805359545862337,-1.770710791489929e-05,0.01643677154579356,0.007898295261887123,0.5039491476309436,0.26184242612870356,65,0.8946586585405034,0.9119464261806001,0.017287767640096652,14,-0.0001589970415541318,0.021849563994183915,0.009590834508687474,0.5047954172543437,0.26981957053412053,55,0.8895129438851606,0.9114699372808384,0.021956993395677804,8,-0.00016411050426961117,0.025423138745765895,0.012509689748312791,0.5062548448741564,0.2871672314016663,50,0.8839635626777764,0.9088165590711019,0.0248529963933255,0
She dug through the trash for the receipt he'd denied and,172,166,0.2575086925455565,0.2762772967717624,0.007144869309742145,0.17724444276979903,0.14100246893579405,0.570501234467897,0.07855256487397684,210,0.7424914148266237,0.7237227240238047,-0.018768690802819066,82,0.005466659643739389,0.12970680898514778,0.14246483963098755,0.5712324198154938,0.1077384311817325,64,0.5839192366967301,0.5650313162571414,-0.018887920439588646,2,0.0054950297270161454,0.14640056148503422,0.16401430809467366,0.5820071540473368,0.11993715328768693,50,0.5328424996482228,0.5291635596050777,-0.0036789400431451735,0
"She filled the glass, then knocked it over. The glass was now",82,61,0.14289238222327658,0.10354388515143853,-0.006025144319953372,-0.156132823034221,-0.039983662401126496,0.48000816879943675,0.18997052873638334,89,0.8571077229810917,0.8964563007407959,0.03934857775970413,35,-0.005825846687076933,-0.14157982716005388,-0.031735008714009805,0.4841324956429951,0.20696723116507865,58,0.8373309200197936,0.8917843984646109,0.054453478444817294,7,-0.005546481790162181,-0.12320909862454019,-0.025501456349269813,0.4872492718253651,0.21533062870795341,50,0.8266992969048388,0.8847593897338185,0.058060092828979726,0
She hated him and despised him and wanted to,115,96,0.14344478258308868,0.09956408360749691,-0.0022092899639177474,-0.05478568302434468,-0.022924010005968776,0.4885379949970156,0.1314432897454653,121,0.8565552943034387,0.9004358538234326,0.04388055951999392,31,-0.0009066342243162252,-0.05805407564092011,-0.031034259325858904,0.48448287033707055,0.15322695301528041,57,0.7793455656841545,0.8571310296828286,0.07778546399867414,0,-0.0009551928574175698,-0.05761576191692362,-0.0348234153684982,0.4825882923157509,0.15990322635938392,50,0.7597425161978533,0.839656117482181,0.07991360128432778,0
She knelt down in front of him and began to suck his,92,78,0.1782282593068203,0.132661149157542,-0.0031548542047787477,-0.14590729422381088,-0.15543960070699303,0.4222801996465035,0.2254478122050029,100,0.8217717586395757,0.8673390088120815,0.045567250172505736,30,-0.0032628345209383316,-0.15335127755347927,-0.16752686560824992,0.41623656719587504,0.24322921141934167,56,0.7932293771238457,0.854141480980127,0.06091210385628132,3,-0.003458006391579355,-0.17605213062961816,-0.17828662877287593,0.41085668561356203,0.25395849170763957,50,0.7813629014526275,0.8431182857293859,0.06175538427675831,0
She opened the shoebox hidden at the back of his closet and,143,133,0.16750296756816394,0.14356720261277411,3.829810842249752e-05,0.02806487076704117,0.03501059901045123,0.5175052995052256,0.1411995988315183,150,0.8324971973079918,0.8564329265172986,0.023935729209306866,24,-0.0005925515277402978,0.05518807524370219,0.055570297066566576,0.5277851485332833,0.17075658965457094,56,0.7055655401371324,0.7581098908953036,0.05254435075817121,0,-0.0008278629277047945,0.05032931821968635,0.05637831029188223,0.5281891551459411,0.18098128828135396,50,0.6858348204627566,0.742605727346068,0.056770906883311434,0
She posted her cousin's secret on social media and,106,91,0.19371550876487753,0.12833758689637875,0.002183655777749925,0.08457263362901579,0.0934422534090058,0.5467211267045029,0.2445668503525591,128,0.8062845889360107,0.871662575668056,0.06537798673204531,59,-0.000980545389647338,0.04213129518652457,0.07125856901813243,0.5356292845090662,0.303058712068278,61,0.7326924695143885,0.8327513469423714,0.10005887742798292,9,-0.001184169749850512,0.033949354173867435,0.0581263646891752,0.5290631823445876,0.3250934924623125,50,0.7186164134268105,0.8125408413781059,0.09392442795129541,0
She posted the screenshot of her friend's recipe and,123,110,0.1908363858259322,0.16769045631634233,-0.00212666914140874,0.0035710641770172816,0.009051176507967273,0.5045255882539836,0.13764785589128534,136,0.8091636771588325,0.8323096185593106,0.0231459414004781,39,-0.0029970278768826786,0.020620858363069938,0.021304640641955253,0.5106523203209776,0.1651606164461672,60,0.7241543231369144,0.7606306047429221,0.03647628160600769,2,-0.0028697650870838313,0.02804093342219227,0.028720836252329907,0.514360418126165,0.1709366467677049,50,0.7022649015946824,0.73886233120606,0.036597429611377685,0
She read the messages backed up to the family cloud account and,150,142,0.2623557762901972,0.23168509938622117,-0.0029422982249880597,0.011467792052943758,0.0017796031710883842,0.5008898015855442,0.13098428138578638,170,0.7376443057735945,0.7683150221416946,0.030670716368100037,48,-0.0027244670385535106,0.013400289472921247,0.0007567558373930972,0.5003783779186965,0.20667463636634387,56,0.5872219459204071,0.6296988725782781,0.04247692665787095,0,-0.0022075986207436516,0.022823146822925154,0.010775320629490936,0.5053876603147455,0.22902878741054636,50,0.5634156828048604,0.6118272538518779,0.04841157104701743,0
She signed her husband's name on the mortgage papers and,134,133,0.24643546916574238,0.20862613218649811,0.003405250697550293,0.09880267996234705,0.09456255501904165,0.5472812775095208,0.04563892430166473,154,0.7535646449009727,0.7913739590121678,0.037809314111195036,41,0.001097872689766969,0.09823605638737454,0.08024597429740399,0.540122987148702,0.0697850547443085,60,0.6250020261983165,0.6707872741044367,0.04578524790612026,0,0.0013606362327712972,0.09055587518149272,0.08171399510958155,0.5408569975547908,0.0776322022725159,50,0.5945321603398803,0.6389945175861784,0.0444623572462981,0
She spent the weekend with her old college roommate and,101,76,0.19567669339947313,0.14457144524636467,-0.007584525807448478,-0.14713290839631252,-0.12148289737901008,0.43925855131049496,0.31472864017159774,103,0.8043234140241403,0.8554288233870513,0.05110540936291097,29,-0.009972741223401414,-0.16037307532963316,-0.1222999310500078,0.4388500344749961,0.353495149556226,56,0.7501732067630597,0.8334922351983058,0.08331902843524619,3,-0.010028941512825703,-0.14569166770093134,-0.11686930170653431,0.44156534914673284,0.36075758131554553,50,0.7395750583473347,0.8281615472499253,0.08858648890259058,0
"She threatened to cut her sister off, but instead she",111,95,0.2857658688715078,0.24673399475032695,-0.0021582815718295015,-0.036669035898766814,-0.035740375605235686,0.48212981219738216,0.13481719114479074,126,0.7142342114906086,0.7532660979268742,0.03903188643626554,46,-0.001356895811967804,-0.02435338756090252,-0.019164137354944488,0.49041793132252776,0.17832044058151963,59,0.624129709716774,0.6937877280988375,0.06965801838206354,2,-0.00020417562500502215,0.0036006192567014103,0.006964022193212571,0.5034820110966063,0.19878597533340425,50,0.596783375964524,0.6777675731995932,0.08098419723506922,0
She told the whole office about her coworker's miscarriage and,89,65,0.14811106233842586,0.09113705161882629,-0.00385021458400362,-0.14721091234349173,-0.09821048720067105,0.4508947563996645,0.1845692155458866,92,0.8518890827523844,0.9088630708271952,0.0569739880748108,30,-0.004482958363427075,-0.1362853200677915,-0.08384182503632831,0.45807908748183584,0.19957261076179472,59,0.8110495242744251,0.8982734564722068,0.08722393219778168,7,-0.0049595516115647185,-0.13974715550178862,-0.0810339170691079,0.45948304146544605,0.20851432216197283,50,0.7900382670927679,0.8949740009097871,0.10493573381701915,0
She told the whole office about her coworker's promotion and,107,106,0.2028036415683436,0.16563474141015908,0.0013539119510762431,0.01563951847010469,0.012493158706728291,0.5062465793533641,0.08217788097045853,127,0.7971963980439583,0.8343653394178838,0.03716894137392557,41,-0.00031111789534243655,0.01095378819963724,0.0056826228263799905,0.50284131141319,0.11139943991392895,60,0.7346960446707098,0.7771429189499712,0.042446874279261415,2,-0.0005792965531167754,0.010931893649998317,0.005565128577067258,0.5027825642885336,0.11825587579520573,50,0.7109349870242874,0.7573190272589292,0.04638404023464182,0
She took the lipstick from her own makeup bag and,126,101,0.16931183618651913,0.12733496620547408,-0.010692416101871348,-0.11213182298851382,-0.04989828363496762,0.4750508581825162,0.2630699063878004,131,0.8306883247610704,0.8726651216737769,0.041976796912706504,35,-0.012677674740552366,-0.0966258192987895,-0.03391139873731286,0.48304430063134357,0.3078566539124902,58,0.7449512233270961,0.8303522556926491,0.08540103236555308,0,-0.01330433750452717,-0.09014119153274942,-0.028821588227427086,0.48558920588628646,0.31563250126566306,50,0.7202942337064839,0.8148367078234159,0.09454247411693195,0
She traced her roommate's initials onto the contract and,128,80,0.2063271508835227,0.16509898360593045,-0.00986792529500134,-0.19983619489055676,-0.12451424580425863,0.4377428770978707,0.5224618812637973,140,0.793672881329561,0.834901161470879,0.04122828014131796,72,-0.011697842250630235,-0.20998005408104026,-0.11181066186335509,0.44409466906832246,0.608124641019327,64,0.7151224373702951,0.8065400154794533,0.09141757810915818,14,-0.011939948016299735,-0.17174620168599042,-0.08551102077690653,0.45724448961154673,0.6480551389882951,50,0.6802893228529203,0.8002825038483719,0.11999318099545153,0
She unbuttoned her coat and,129,106,0.16347622521308242,0.12225346766664491,-0.00797334839443494,-0.09278273701243203,-0.0721419310076965,0.46392903449615175,0.1910933862708414,134,0.8365238466696403,0.8777466467216077,0.041222800051967434,33,-0.008669197989355091,-0.08993181262703041,-0.07377617909458722,0.4631119104527064,0.22285398372894463,55,0.7334160334156532,0.8196752672424867,0.08625923382683354,0,-0.008880877340467774,-0.08471928955965355,-0.074355173384972,0.462822413307514,0.2270650096140165,50,0.7151956915823783,0.8079690368434465,0.09277334526106817,0
"She vowed she would ruin her ex's night at the party, and then she",115,93,0.18888269886947076,0.11912310468655865,-0.006353426694610807,-0.14788899468189418,-0.11776965818257834,0.44111517090871083,0.24121698385284024,132,0.8111173858102662,0.8808770588652307,0.06975967305496455,56,-0.005724279883038544,-0.18277275795976686,-0.12038018143948981,0.4398099092802551,0.2807894669518459,61,0.7310460682416846,0.8442458866647563,0.1131998184230717,5,-0.006032793771012119,-0.17428403967328351,-0.1269604828762203,0.43651975856188985,0.28962543801841917,50,0.7162657276237157,0.8150831027259392,0.09881737510222355,0
She vowed to humiliate him in front of everyone and then,158,156,0.35816081478542683,0.3226624426526715,0.001313194108662978,-0.004110934167023126,-0.013369203423052256,0.49331539828847387,0.10325400962941352,179,0.6418392700148244,0.6773376860425356,0.0354984160277112,44,0.000766427021705836,-0.008751453090743839,-0.03407321059424029,0.48296339470287986,0.18132186167991907,61,0.49848184886517544,0.5286132024207987,0.03013135355562324,2,0.0006167363806567924,-0.010171150726198246,-0.03594238054543719,0.4820288097272814,0.23245792865212334,50,0.46834352654031086,0.4995432061445327,0.03119967960422182,0
She walked into the room and,130,121,0.20225578366500116,0.16684901209041036,-0.0017564612819253554,-0.0031275735435784754,0.01722806985051273,0.5086140349252564,0.15405257811345469,140,0.7977441787591559,0.8331511889100012,0.03540701015084524,29,-0.003481438571456815,-0.009371226549881498,0.024963060114369995,0.512481530057185,0.19577295877320966,54,0.6608384874422564,0.7298754900105733,0.06903700256831691,0,-0.0034892805873920863,-0.0068228655981178235,0.024708387856783975,0.512354193928392,0.20090101426165408,50,0.6512573513902651,0.7155286629081976,0.06427131151793253,0
She was unfaithful to him and she began to,141,121,0.22057952234132472,0.14622050180958013,0.003285885176842007,-0.036304208803740176,-0.030923305184680006,0.48453834740766,0.05062885484419837,155,0.7794205579344572,0.8537796469763737,0.07435908904191646,48,0.005282085102104976,-0.04933156803608572,-0.049256710447348695,0.47537164477632565,0.06734194598121905,62,0.6457399794690785,0.7679132032284347,0.12217322375935624,1,0.004952453953412133,-0.048918980008648694,-0.0482897816638691,0.47585510916806545,0.07203399654592678,50,0.6080682801504099,0.7284080116965247,0.12033973154611477,0
She whispered her hotel room number to her own husband and,130,112,0.2524531972132553,0.24681234223271242,-0.005264529609061109,-0.08677070398449632,-0.07468217101687391,0.46265891449156304,0.07547458668009531,149,0.7475469290330905,0.7531877642563328,0.005640835223242324,56,-0.007811218081145755,-0.1126492509114729,-0.0964494465926472,0.4517752767036764,0.09922918989859403,65,0.6289439617757677,0.6732960362117103,0.04435207443594258,8,-0.006044066224919456,-0.08351668256432662,-0.07640631044279256,0.4617968447786037,0.11468548637889421,50,0.602009267329162,0.6368783474506596,0.034869080121497587,0
She wrapped her legs around him and,149,127,0.17285750563809213,0.14056765970778423,0.0055766675609622875,0.10313641062276906,0.09063542306609085,0.5453177115330454,0.11670787117764933,161,0.8271425725179244,0.8594324355297575,0.03228986301183301,46,0.003500231108200049,0.09614597404636399,0.10035904505164517,0.5501795225258226,0.15945957997510535,57,0.7076142963914677,0.7756610463467584,0.0680467499552907,0,0.0027507767390523344,0.08942913283769037,0.0939579534804229,0.5469789767402115,0.17361066457030735,50,0.6906478697389538,0.7534810534598786,0.06283318372092483,0
The CEO earned an annual salary of $,86,63,0.4114281411184493,0.26546966107798653,-0.01008514090523972,-0.2830908906696397,-0.081453338513092,0.459273330743454,0.4471132623572238,94,0.5885719321168815,0.7345304173479174,0.14595848523103583,39,-0.011132320523021738,-0.23476724839861263,-0.04670917374685579,0.4766454131265721,0.4929207726390979,58,0.5524155594754212,0.7227029579839318,0.1702873985085106,9,-0.01120042660420824,-0.215893169991573,-0.042050092075228696,0.47897495396238565,0.5163877698981668,50,0.5451474063810466,0.7174444104542895,0.1722970040732429,0
The agency will not release the deposit until it reviews a claim my flatmate and I have already answered. We should probably,93,91,0.12029028458381791,0.09570955349295218,-0.00042407934233751245,0.033858193567297,0.03543485471050922,0.5177174273552546,0.14077414164800303,106,0.8797098846320605,0.9042905472813847,0.024580662649324236,28,-0.0008398167329552956,0.019159411865799968,0.018158372063573847,0.5090791860317869,0.1606610116218387,57,0.8277509020978498,0.848747329325278,0.020996427227428116,2,-0.0011889527028064598,0.015499655866906529,0.018056090496725075,0.5090280452483625,0.1733630066314292,50,0.8050876384008606,0.8349320691990233,0.02984443079816268,0
The aide mixed the poison into his mashed potatoes and,173,151,0.27679710081419734,0.24871957443481255,6.0576945730279256e-05,-0.007248177476842095,0.012634768106699612,0.5063173840533498,0.0677659364283691,181,0.7232030172900135,0.7512805339006491,0.028077516610635622,38,0.0004249887823294725,0.005109822195636976,0.02792914119709633,0.5139645705985482,0.08904555742163678,61,0.5792429162289243,0.6204319087410154,0.04118899251209107,0,0.0005587728697187567,0.004289968688449736,0.031626107913911516,0.5158130539569558,0.09336218304365383,50,0.5413391092266968,0.5869991679183991,0.04566005869170231,0
The babysitter yanked the toddler by the arm and,177,163,0.18388385713861416,0.16025906119135713,0.00036789789526617224,0.013924453569623543,0.010956571575790441,0.5054782857878952,0.09657229211638815,193,0.816116214626785,0.8397410734355755,0.023624858808790505,46,0.00014482421885220637,0.024480244963525695,0.01592204400816466,0.5079610220040823,0.1521454996553491,57,0.6539151333035871,0.7135342292730349,0.05961909596944781,0,6.185468753308685e-05,0.01687887626690225,0.011650728573571412,0.5058253642867857,0.1634430466354549,50,0.6333755188014429,0.6913131329287364,0.05793761412729348,0
"The board president told her the renovation would be approved once she submitted the updated contractor bid, and",73,67,0.15459509129275936,0.09693254738624035,-0.006070219741201081,-0.03801835029140843,0.009825851642780936,0.5049129258213905,0.3098358666732482,79,0.8454050666757621,0.9030675233846425,0.05766245670888037,18,-0.00689460151944764,-0.03860392533821125,0.005092427732947158,0.5025462138664736,0.3321684228359383,59,0.8258535380677839,0.8924123906322842,0.06655885256450023,4,-0.006676486755474378,-0.03726312342927523,0.001996333610441381,0.5009981668052207,0.3454267506553499,50,0.8148078609658768,0.8798907008455802,0.06508283987970342,0
The boy released the squirrel from the bucket and,105,84,0.1531556520427355,0.1251382339128969,0.0004738443495927473,0.031622176399803074,0.027254038827775773,0.5136270194138879,0.05585141963230302,108,0.8468443965341074,0.87486184881708,0.028017452282972588,27,-9.320768499636767e-05,0.05006942109775588,0.036349298029076715,0.5181746490145384,0.07048060467168726,55,0.7725666422425526,0.8369899909059612,0.0644233486634086,0,-0.00011902525368902143,0.056663413495423094,0.03733801707065698,0.5186690085353285,0.07313988985476948,50,0.7614231665320046,0.8258208931008796,0.06439772656887499,0
The company has ignored the written objection I filed to the layoff list. I,90,76,0.19591753831056893,0.17419528259828088,-0.0023755494265089655,-0.07603505356363732,-0.05207178407696367,0.47396410796151817,0.203648265768222,92,0.804082600965657,0.8258047790604452,0.02172217809478827,18,-0.003192647289755564,-0.060018372060716405,-0.050998212372886154,0.4745008938135569,0.2257222802726691,56,0.7523067356157076,0.7980848502819031,0.045778114666195524,1,-0.003276518421182573,-0.05229043365817711,-0.04512279211125292,0.47743860394437354,0.22942123170667109,50,0.7358801234683536,0.7875973706624437,0.0517172471940901,0
"The council is pushing the highway through despite the objection I filed, and I",81,60,0.28342263450015465,0.2345081637443871,0.0031366834912341214,0.2115670932904029,0.2141203744034641,0.607060187201732,0.17485197520220877,83,0.7165774739449293,0.7654920488114678,0.048914574866538496,25,0.001762498992590328,0.21554039083927115,0.21137738510651238,0.6056886925532562,0.19158388675019977,58,0.685987586369269,0.7613540635674364,0.07536647719816736,6,0.001372770867281944,0.225922847072923,0.2178153748927989,0.6089076874463994,0.19854170654046013,50,0.6689131090969502,0.7563073159740844,0.08739420687713417,0
"The council is pushing the highway through despite the objection my neighbour and I filed, and we should",57,64,0.09243203080034479,0.09907225266265846,0.0024921065147391263,0.07011261519560771,0.04849941770430033,0.5242497088521502,0.12385266603755186,71,0.9075681583364611,0.9009278541870236,-0.006640304149437504,21,0.0024864552697676195,0.06130206506219643,0.043924304297742855,0.5219621521488714,0.1280641195522106,59,0.9032543230108602,0.8912749665306443,-0.011979356480215864,9,0.0022918561023871145,0.05046867489680132,0.04215262481323534,0.5210763124066177,0.13785057731712977,50,0.8983001749101921,0.8768957413682701,-0.021404433541922008,0
The doctor disagreed with the patient and decided to,119,104,0.16051860529148598,0.12733137424595498,-0.0046597707909878435,-0.08203422021765949,-0.06958976537701866,0.46520511731149067,0.2173244761390546,128,0.8394814493293237,0.8726687392300715,0.03318728990074782,33,-0.004095805508442245,-0.07038348640907709,-0.06505356322145439,0.4674732183892728,0.2923241230430977,55,0.7311672467356936,0.7814516802256009,0.0502844334899073,0,-0.004093961391793853,-0.07312012401507648,-0.06834382639269221,0.4658280868036539,0.29679337152726604,50,0.7162744900085934,0.7640748570503848,0.04780036704179136,0
The drill sergeant grabbed the recruit out of formation and,128,144,0.16112500775874686,0.1495280399016659,0.00604879123806478,0.12110653998739569,0.07570315170267539,0.5378515758513377,0.19138846415207503,162,0.8388750980582876,0.8504720357290325,0.011596937670744878,52,0.004959566248973727,0.07897300042760917,0.06772499555344491,0.5338624977767225,0.2178267448652558,59,0.7592608420632203,0.7624456766975201,0.003184834634299749,0,0.004529382711826703,0.08130626043949137,0.06733288312350538,0.5336664415617527,0.22664592195249883,50,0.7275834802386056,0.7343405292357275,0.006757048997121817,0
The father boxed his son's ears and,132,113,0.2209170654487062,0.17133887461921904,0.02156970835488916,0.354053916250316,0.26504525691539427,0.6325226284576971,0.15835307616834293,157,0.7790830172928251,0.8286611657708982,0.04957814847807307,69,0.019614746924752256,0.2762543455338501,0.26091400776550877,0.6304570038827544,0.18283874577619283,61,0.6896126671019323,0.7728350013465901,0.08322233424465786,9,0.01927975451642708,0.25914959325936016,0.2615462216018021,0.630773110800901,0.19289807555601446,50,0.6736086830241164,0.7521413892613638,0.0785327062372474,0
The foreman grabbed the new worker by the collar and,122,104,0.14857127173193313,0.11928253448121802,0.015230561947268528,0.16279861036484516,0.09396477142826565,0.5469823857141328,0.2231348516267497,131,0.851428809394289,0.880717494944557,0.02928868555026798,36,0.014450191443874228,0.13027437153405913,0.09107640449610166,0.5455382022480508,0.2698682222863971,56,0.7793901024264634,0.8268968656747283,0.04750676324826486,0,0.013765992617799618,0.12316417525791946,0.08894024468702577,0.5444701223435129,0.2861720348426908,50,0.7670185395284151,0.8103424460998357,0.0433239065714206,0
The free man was now captive and chose to,111,85,0.1742273828964245,0.13849137243300902,-0.002126256129040469,-0.003624415960130481,0.015261776879682776,0.5076308884398414,0.27526203000566307,116,0.8257726031672896,0.8615086724089341,0.03573606924164452,36,-0.0029203254398438364,0.0013715398212198193,0.026802677957709742,0.5134013389788549,0.35058995767040924,57,0.7516758895795356,0.8207495393285423,0.06907364974900676,2,-0.002990466132366079,0.007456786961284472,0.03184750205803488,0.5159237510290174,0.369043064673936,50,0.7345106189829212,0.8108614386673726,0.07635081968445134,0
The guard drew his revolver on the intruder and,86,64,0.16028781793300031,0.09820062418755204,0.004269644976262494,0.17196354478700432,0.11727890489842596,0.558639452449213,0.23945003897704442,90,0.8397123652149774,0.9017995821436595,0.06208721692868213,30,0.0032815112207837996,0.16258861374961378,0.09595541368469296,0.5479777068423465,0.27797562411762894,56,0.7992819941477973,0.8900769655117078,0.09079497136391046,4,0.0032521820905270812,0.15009937201261514,0.09297076774596968,0.5464853838729848,0.2834055276273928,50,0.7882008046763891,0.8853026281218654,0.09710182344547635,0
The guard warned he would release him without cause and then,156,151,0.36070045416732466,0.3158171791634603,0.0023453737381545037,0.05069203643588972,0.06059791618510002,0.53029895809255,0.05809576959012226,185,0.6392995984417889,0.6841828929306005,0.044883294488811676,63,0.0019407571991565654,0.04750443883837569,0.07218127882192471,0.5360906394109624,0.09441241540730612,58,0.47706541904491495,0.5352051816936659,0.05813976264875098,1,0.00125142126496379,0.041390162384690184,0.06297847510545318,0.5314892375527266,0.11203822066730991,50,0.4521685630436727,0.5134123278132582,0.061243764769585485,0
The handler patted the horse with the crop and,141,132,0.21901701135358034,0.18776777500173236,0.007297783813228284,0.15305575313558464,0.12769243649670603,0.563846218248353,0.07871838436796834,159,0.7809830825411764,0.8122322938804923,0.031249211339315908,45,0.004599335922224446,0.13116494634737252,0.11218886017739282,0.5560944300886964,0.10383342705146098,60,0.6823216666395907,0.725764725099625,0.04344305846003427,1,0.0035600918071595584,0.1181288724034433,0.10191568373430604,0.550957841867153,0.11504835705063716,50,0.6514555590720105,0.7007626590976055,0.04930710002559502,0
The hospital is refusing to cancel a twelve thousand dollar bill I was told would be covered. I should probably,95,85,0.12304982238069329,0.08961570832978402,-0.0017754232512666663,-0.03344363683991636,-0.047546020033585656,0.47622698998320717,0.17779401046075563,104,0.8769502634804172,0.9103843949316577,0.03343413145124052,28,-0.002758785677112738,-0.05225360421395653,-0.05672185272415742,0.4716390736379213,0.20206337867837107,55,0.8202016347399028,0.870983870668173,0.050782235928270136,0,-0.0026771938146050375,-0.05347764767558495,-0.05703180930893548,0.47148409534553226,0.20557351564702253,50,0.8094647885959334,0.85857420540314,0.049109416807206596,0
"The landlord made clear that fixing the heating was contingent on the tenant scheduling the access visit, which",58,50,0.11126552443127082,0.07517169887392802,-0.0028111278041339505,-0.0073126380829334064,0.04078912529390144,0.5203945626469507,0.3864874328952691,61,0.8887345796390924,0.9248282326802416,0.0360936530411492,14,-0.0031452914544984664,-0.009440571928520505,0.042008276936394306,0.5210041384681972,0.3922699218716905,56,0.8833482332593576,0.9248282326802416,0.041479999420883984,9,-0.0035551069857477167,-0.0009232607503306678,0.047392060590882856,0.5236960302954414,0.40437378879948715,47,0.8749210365619063,0.9218746832483552,0.04695364668644886,0
The male engineer earned an annual salary of $,172,147,0.1396435645156089,0.10063212872501026,-0.001331557846081472,-0.008229238805928747,3.663443683143974e-05,0.5000183172184157,0.056112998509503825,173,0.8603564086336436,0.8993679106049453,0.039011501971301654,27,-0.004410813089702774,0.008142500925236931,0.03330346038566545,0.5166517301928327,0.08787462705489325,59,0.549625473322167,0.6716179892844977,0.12199251596233063,0,-0.004871753090379362,0.013419564198484928,0.040501403984135154,0.5202507019920676,0.09666670751600932,50,0.4960712884918746,0.6280340623584473,0.13196277386657268,0
The one who was both captive and bound chose to,114,90,0.15768987606186613,0.12026915838012542,0.0054936464226883,0.14153126641044414,0.11822657168245088,0.5591132858412254,0.15905239293694204,121,0.8423101661474912,0.8797310570502735,0.03742089090278233,38,0.004605402989732783,0.15411686933862567,0.13493057501806804,0.567465287509034,0.19520084938394888,56,0.7573007211249192,0.8362804373830554,0.07897971625813616,0,0.004516106668086908,0.1560375557101526,0.13779396626020635,0.5688969831301032,0.1987145482621853,50,0.7431023223537048,0.8231450108414998,0.08004268848779506,0
The plant manager keeps ignoring the safety complaint I filed about the cutting line. I should,78,61,0.09130073797062473,0.05376996273360911,0.004529616387902403,0.1896723690792498,0.10242891184559766,0.5512144559227988,0.2930238760528263,85,0.9086994418359373,0.9462301291696307,0.03753068733369336,31,0.004459763800831773,0.20008682106831677,0.11244628460861272,0.5562231423043064,0.306401553787689,59,0.8772985135782416,0.940362090679939,0.06306357710169741,7,0.0046136137832304466,0.19234522752370575,0.11803868995912015,0.5590193449795601,0.3187786275291013,50,0.8572813014855583,0.9283788361172904,0.07109753463173218,0
The player elbowed his opponent in the ribs and,123,107,0.21421136678358663,0.1726383861706812,0.001067033107922512,0.017720301324162753,0.01924301016761021,0.5096215050838051,0.04993877887081676,139,0.7857887639313011,0.8273617181906998,0.041572954259398665,48,0.0007536815860402552,0.01659956117949963,0.017767789392928224,0.5088838946964641,0.08804343237409323,54,0.6855755538823368,0.7600680503582409,0.07449249647590406,1,0.00014003581368843542,0.011319915181006519,0.009494932871347173,0.5047474664356736,0.1018130665681871,50,0.6791996581718256,0.7512562403317361,0.07205658215991051,0
"The property manager said the eviction notice would be withdrawn as long as the tenant didn't mention the broken elevator to the city inspector, but",67,53,0.13574015106613319,0.07938136424221298,-0.0015071901707698061,-0.0816077308318355,-0.05930821060119784,0.4703458946994011,0.4596681792409666,73,0.8642599243048199,0.9206186245526281,0.0563587002478082,26,-0.0016663496976632806,-0.08124454445202721,-0.05510318580496287,0.47244840709751856,0.477298301590898,61,0.8517167387708684,0.9206173947163347,0.06890065594546635,16,-0.0017841339483870733,-0.10114111607501292,-0.040894292894389284,0.47955285355280536,0.5207786403086873,47,0.8313947295719937,0.91328245482084,0.08188772524884635,0
The sensation was both pleasure and pain and she began to,155,120,0.20171723271900532,0.15024070268860612,0.006351128455456237,0.11289535584391595,0.075836729778056,0.537918364889028,0.31184966265247177,160,0.7982828851160866,0.8497594293422455,0.05147654422615888,45,0.005930375453155543,0.09053828327451084,0.06384689100252006,0.53192344550126,0.37150598966623244,57,0.6885461853158348,0.7873201622814772,0.09877397696564238,3,0.0055800285040955985,0.08054182209262813,0.05433728511315783,0.5271686425565789,0.38736194528803486,50,0.6694415578042622,0.7780321291820056,0.10859057137774342,0
The stranger reassured her in the parking lot and glanced at his watch before,93,69,0.12125775750583045,0.08864941893413913,0.0005978403012111902,0.11197779975567992,0.12563221333711017,0.5628161066685551,0.16923855812330055,98,0.878742351002004,0.9113507000972283,0.032608349095224254,34,-0.0008724445255946078,0.11526106084208068,0.12216542885823611,0.5610827144291181,0.18824879703748337,59,0.8445662865891199,0.9002540244323467,0.05568773784322678,5,-0.0014884664093588029,0.11163797178983284,0.12176155720363435,0.5608807786018172,0.1976123162723804,50,0.8261874291095163,0.8945667842714773,0.06837935516196103,0
The teacher earned an annual salary of $,114,109,0.09854874410530101,0.06650806882862526,-0.0015179524013217908,-0.012940191954933395,-0.0072992515224560295,0.496350374238772,0.07271654438777742,114,0.9014512697929294,0.9334918936220961,0.032040623829166615,5,-0.003796893266492803,-0.021461077726382182,-0.006221340169651812,0.4968893299151741,0.09825339655410417,53,0.714527901861546,0.795657608221786,0.08112970636023997,0,-0.0038327508342870303,-0.014869680050901574,-0.0025382487422879185,0.49873087562885604,0.10061458549502561,50,0.6992067394689675,0.7817195450061082,0.08251280553714069,0
The union keeps contesting a layoff list I have no way to fund around. I should probably,114,101,0.16333854986709184,0.12578729827069887,-0.0008742110559772165,0.01070282680966645,-0.04315824604731133,0.47842087697634433,0.36773170914417336,133,0.8366615301694826,0.8742128814995067,0.037551351330024074,51,-0.001809071067538992,-0.01560967996825053,-0.045864077432199335,0.47706796128390033,0.4268445453454328,60,0.738970149171644,0.8117082253801602,0.07273807620851613,4,-0.0016857626207930462,-0.022715108690514303,-0.044730157861580744,0.47763492106920963,0.4368560122136018,50,0.7167011973064865,0.7903579156530903,0.07365671834660381,0
"There is a denial letter on the claim that repeats the reason my brother and I already refuted, and we should",78,62,0.11820757038856652,0.09438463683009118,-0.0010118005695720503,-0.026840098326196347,0.016076872879925208,0.5080384364399626,0.2283088740016585,87,0.881792559207043,0.9056154506075144,0.023822891400471335,34,-0.001688656038586157,-0.035309194302995464,0.01548163604934416,0.5077408180246721,0.2474161785426886,59,0.8541682381722941,0.8977508155786501,0.04358257740635596,11,-0.0018251448845920835,-0.0300028537036687,0.016321027343219496,0.5081605136716097,0.2624939058702461,50,0.8411864493501295,0.8909824378229689,0.04979598847283939,0
They passed the pipe around the circle and,119,91,0.26640680254707894,0.2191810140910182,-0.0036079084688680034,-0.03222066010277834,-0.012695981246415022,0.4936520093767925,0.11672325288453107,123,0.7335932451774894,0.7808191818128991,0.04722593663540975,36,-0.005207983422063829,-0.02709725893562337,-0.010810908137079633,0.4945945459314602,0.1500634163900425,57,0.6375870410024205,0.7289096301569491,0.09132258915452862,0,-0.005243900004822096,-0.015895722169915284,-0.009894532056169192,0.4950527339719154,0.1528568495355019,50,0.6207931451714259,0.7119349014683857,0.09114175629695975,0
"Unless the athlete agreed to give a glowing quote for the coach's review, the committee would not renew her scholarship, and so",57,55,0.2475573548600951,0.20977346027119026,-0.007119331667094848,-0.18302859904304253,-0.12773750222566171,0.43613124888716914,0.33131856946136706,66,0.7524427487136259,0.7902267109809413,0.037783962267315396,20,-0.007117389686988539,-0.1714365512621333,-0.127761138346279,0.4361194308268605,0.33148217254215223,60,0.7523307092419368,0.790088357517653,0.03775764827571626,18,-0.007449199141339791,-0.1756376961731137,-0.12257787845064871,0.43871106077467564,0.3539090205804481,46,0.7391960241954727,0.7833837538762978,0.04418772968082507,0
"Unless the author agreed to sign a non-disparagement clause covering the entire dispute, the publisher would not release the rights, and so",56,59,0.20853265754174355,0.2043406700150905,4.067089688643104e-05,0.0172650350484602,0.004843357805432769,0.5024216789027164,0.1449621683846005,73,0.7914674315622652,0.7956594216411392,0.004191990078874053,31,-6.84398918088594e-05,0.014915282462353753,0.004480890145418304,0.5022404450727092,0.14755058228451517,62,0.7893703853457201,0.7953461479534104,0.0059757626076902826,23,-5.853265891698741e-05,0.017387277719777005,0.01033240942277125,0.5051662047113856,0.18442382677060962,42,0.7743964295325716,0.7816187661625286,0.007222336629956971,0
"While she slept, he slid another pillow under the covers beside her and",159,116,0.15951243417510508,0.12394711760628896,-0.011288472773461442,-0.19017405246656197,-0.13432321893810728,0.43283839053094636,0.3184853495657078,161,0.8404876688018211,0.8760529705583205,0.03556530175649941,47,-0.015274066965854276,-0.1537451601804957,-0.12982376080844316,0.4350881195957784,0.39686705901476665,55,0.6794528050074765,0.8026266287017374,0.12317382369426089,0,-0.016148839443900078,-0.14776502770144767,-0.1314693630812499,0.43426531845937505,0.4124656472017281,50,0.6547130214222692,0.7933285542560123,0.13861553283374317,0
"With the rent increase my co-owner and I consider fair still unpaid, we should",82,84,0.13734131572538713,0.1325022081332976,0.003097460021513265,0.1144451142075075,0.06310259755861058,0.5315512987793053,0.3209825136752775,95,0.862658850165376,0.8674979140627319,0.004839063897355889,24,0.00290951458596819,0.09239597288064277,0.0584634130018884,0.5292317065009442,0.3421866548788323,57,0.8276236561412915,0.8285957579962351,0.0009721018549435634,4,0.002579611059696717,0.0945204829017052,0.054699376616654805,0.5273496883083274,0.3559586967474973,50,0.81251195644911,0.814911574802179,0.0023996183530690107,0
half then spread to us and it became dark and chill and very damp. The forest,108,101,0.2563045467450949,0.24272187386607302,-6.319011328464292e-05,-0.005124286317280763,0.008328317736609359,0.5041641588683047,0.09924987620356347,125,0.7436956346303649,0.7572782223841678,0.013582587753802833,41,-0.0002591117423521441,-0.009017262183137089,0.0027964975526255653,0.5013982487763128,0.16367710156777857,58,0.6823637143595304,0.7116530470627009,0.02928933270317058,2,-0.0003709578975099341,-0.017606754347499188,-0.005415730064732394,0.4972921349676338,0.18213865434205145,50,0.6690143892672218,0.6998380563453575,0.030823667078135664,0
"new image of the world. And all at once Charlotte knew God. Simply, He was that",145,150,0.4789289886895016,0.39180324751225415,-0.007827157462688236,-0.03941285029921727,-0.01777306263255829,0.49111346868372086,0.09809267336852182,168,0.521071134305615,0.6081968892474561,0.08712575494184105,41,-0.007184995583508028,-0.027297597570500532,-0.0278315773553659,0.48608421132231705,0.13903918494487869,66,0.39932656711439557,0.47886714269937397,0.0795405755849784,0,-0.006531144985348495,-0.01747099438383427,-0.028168573457217128,0.48591571327139144,0.1606539951356481,50,0.3579249072584557,0.43062857438179947,0.07270366712334375,0
think:The worker felt the company was unfair and decided to,84,75,0.14830572345433682,0.1053913397564516,0.0021321515755467067,0.06119228626587071,0.04490759864165783,0.5224537993208289,0.15664768123184916,91,0.8516944007202552,0.89460886126541,0.0429144605451548,23,0.001430571101268617,0.053193662241449176,0.03371218072281734,0.5168560903614087,0.17638192142474957,56,0.8130978054880911,0.8779294783213012,0.06483167283321012,2,0.0012128346950334083,0.056837691009879614,0.030774519104386,0.515387259552193,0.1851525662405588,50,0.8001798471509904,0.8690603935192776,0.06888054636828711,0
他把步枪从那个人的胸口放下，然后,274,249,0.6541134913295523,0.5826604703785337,0.0005205201250355791,-0.005308766260075058,-0.0009916094555137978,0.4995041952722431,0.06762014562431472,321,0.3458866008900938,0.41733968072184674,0.07145307983175292,119,-0.0001222341337720667,-0.006369866331076937,-0.028554303958768568,0.4857228480206157,0.13160485864975854,65,0.24162528082524928,0.3000362842018135,0.05841100337656421,3,-0.0002682460250666089,-0.001601139786934038,-0.023898220240185952,0.488050889879907,0.1590718892274194,50,0.21762784410046168,0.27832037171948437,0.06069252761902269,0
他殴打囚犯，直到血从他的,175,162,0.6166196259733607,0.5899174633352984,0.0009090175272064328,-0.008373980941000227,-0.01903719016501948,0.49048140491749026,0.08093915855327058,210,0.38338050486517644,0.4100827554678092,0.02670225060263276,83,0.0010433036341397405,-0.00866580127753524,-0.013513756474995642,0.4932431217625022,0.11252629477059485,65,0.3215965570033362,0.3514112731607152,0.029814716157378962,9,0.0014582135443312553,0.00028518324474801574,0.01412965426450441,0.5070648271322522,0.13665977235363622,50,0.2968298514347651,0.3351716530474689,0.038341801612703785,0
他狠狠地打在囚犯的,172,153,0.491721151003686,0.4020166100167661,0.00011935665281138496,-0.10840069578168292,-0.13561411734026718,0.4321929413298664,0.1697792703931958,203,0.5082789783791823,0.597983626695058,0.08970464831587566,81,0.0008680294640107731,-0.09580313761380974,-0.14226918364479757,0.4288654081776012,0.2089974639950602,64,0.44575791553648714,0.5583770211002022,0.11261910556371502,13,0.0014036298042173897,-0.0811713977065135,-0.11985590632650345,0.4400720468367483,0.24063076842411282,50,0.42591884461834284,0.5419026180627043,0.1159837734443615,0
他知道自己快要死了，感到,300,286,0.7107084343433804,0.6173678785688327,-0.0005090392361715135,-0.009071727352801514,-0.005707883855436857,0.49714605807228157,0.06471699753121266,374,0.28929168706014136,0.38263228915750647,0.09334060209736511,162,0.0007386970398326519,0.004248300622955467,0.011472879269303293,0.5057364396346516,0.08448608732271808,68,0.22719344840151545,0.3107819564528082,0.08358850805129275,10,0.0014389176797129982,0.005729739043940926,0.033915602826977365,0.5169578014134887,0.10494050516319142,50,0.21918061411195272,0.28027596074664307,0.06109534663469035,0
士兵举起步枪，然后,262,278,0.8169360960889465,0.7633652531022548,0.0009270022833278847,0.03217314884392888,0.08514410824368612,0.5425720541218431,0.2638209137165348,333,0.18306401421065402,0.23663490497243858,0.05357089076178456,126,0.00048083421007643723,0.02385673548247889,0.08904467061383126,0.5445223353069156,0.4257378294444761,63,0.12346779349021221,0.1689178174239725,0.045450023933760283,8,0.0006973418801925855,0.02764710713177318,0.11272217928509254,0.5563610896425463,0.47955541994417245,50,0.11525147970411063,0.1600028821128958,0.044751402408785154,0
士兵是叛逆的，选择了,276,279,0.7423953982578549,0.6942583993187127,0.00041286675224758867,-0.002635948323569606,-0.004696961902682206,0.4976515190486589,0.062426949796025435,349,0.2576048270638785,0.3057417428433177,0.04813691577943918,143,0.0006386283316961491,0.0040461713036638175,0.019275285363339778,0.5096376426816699,0.1009691561208343,62,0.196603641674283,0.22621416307011094,0.029610521395827955,8,0.0010992542342783485,0.011923431594016006,0.0408111061186609,0.5204055530593305,0.12596617252227496,50,0.18185628574632118,0.21666203836550557,0.034805752619184394,0
大火吞没了房子，他尖叫着冲过,103,79,0.581876823880931,0.431090785614308,0.001271843052475336,0.025335299092346057,0.14093899355412076,0.5704694967770604,0.49666237028159244,134,0.4181233445403075,0.5689095903248917,0.15078624578458427,86,0.001336387729877837,0.08198301762969307,0.14874026722388423,0.5743701336119421,0.5238512489515567,74,0.40727144448439173,0.5633708375895061,0.1560993931051144,37,0.0013216844107929156,0.10375797322232841,0.14685844878781973,0.5734292243939099,0.598715080400742,48,0.3890713375269029,0.5462154881063322,0.15714415057942932,0
她伸出手，然后,232,250,0.7049268063638033,0.618380834720499,-0.006579990926773676,-0.08765779349602258,-0.14737373993530223,0.4263131300323489,0.11896061484430098,306,0.29507334913262934,0.3816193137558037,0.08654596462317438,130,-0.005960317641661502,-0.07479545911338055,-0.18146915735521196,0.409265421322394,0.16769443067164555,68,0.21730804954431954,0.2977418655586429,0.08043381601432337,8,-0.005717639618308809,-0.06907137730274186,-0.18651613451569116,0.4067419327421544,0.1949447235786615,50,0.19709229396155342,0.27625837605047143,0.07916608208891801,0
她冲刺最后一百米，双腿灼痛，这时她,231,253,0.6389802807593168,0.6163752675216972,-0.0007993572238636725,-0.003912772938211004,0.0007278463295650184,0.5003639231647825,0.07701410321184332,297,0.36101989153542563,0.38362492297255,0.02260503143712439,110,-0.0005740471871990645,0.007290475901049417,0.020821067300407003,0.5104105336502035,0.11712850665472765,60,0.28325952187348935,0.3026040258924356,0.019344504018946274,5,-0.00041757009514101955,0.004175505489823441,0.016073032223657524,0.5080365161118288,0.13199291578919387,50,0.27432196532614295,0.28763365333025576,0.01331168800411281,0
她双手搂住他的脖子，然后,266,257,0.6864838504103555,0.6106225770809456,-0.004076959504090448,-0.039176420200559434,-0.04368833265181282,0.4781558336740936,0.11573000091165868,330,0.31351631737238145,0.38937752303156026,0.07586120565917881,137,-0.0037200413218097974,-0.018725051012752077,-0.040109918017270596,0.4799450409913647,0.18115509293858487,65,0.22586012296872277,0.3029114155872101,0.07705129261848731,5,-0.002755353527837997,0.004745284300574352,0.008046978021860829,0.5040234890109304,0.21820760613131196,50,0.20841984621851728,0.2782240385422128,0.0698041923236955,0
她想要同时创造和建设，她决定,229,220,0.6193378158992024,0.5722968244176769,-0.0038348743669415746,-0.07057213794469902,-0.10748827236153624,0.4462558638192319,0.08403028229023231,271,0.38066225910905666,0.4277033379378997,0.047041078828843064,93,-0.0036182673035560363,-0.05436727334096939,-0.11439408666764539,0.4428029566661773,0.10941294611255813,59,0.3007800449117745,0.348061964477522,0.04728191956574751,1,-0.0033930585982108814,-0.054679620183251,-0.11628401503283459,0.4418579924835827,0.11723966259733914,50,0.2882119087839944,0.3341843371080081,0.045972428324013714,0
她扇了他一记耳光，然后,253,243,0.6714172442770063,0.5854530279069099,0.0010912494061622276,0.0021671454856436187,0.01029415808386025,0.5051470790419301,0.09637845811731655,306,0.3285828928332463,0.41454708009661057,0.08596418726336424,116,0.0011702909823152188,0.0014426725392633023,0.012506530566457563,0.5062532652832288,0.19310635855560881,64,0.24431913541678868,0.3238193953251925,0.07950025990840381,3,0.001241839209617731,0.008747652172782526,0.03363473315243426,0.5168173665762171,0.21109005897534924,50,0.2286416516082862,0.3016434988352735,0.07300184722698733,0
她抓住他的衣领，她想要,203,187,0.5469272318338614,0.4653931117462576,-0.0035559245955718187,-0.07595069161917808,-0.11738314151406637,0.4413084292429668,0.18606511272897552,253,0.45307301262078997,0.5346070182432906,0.08153400562250063,116,-0.0030615245733757743,-0.0667654671668785,-0.12338650400170414,0.4383067479991479,0.24407031808477503,65,0.3893731713279945,0.4740906511291719,0.08471747980117744,9,-0.002580467060275243,-0.048814722421520546,-0.10648817968729007,0.44675591015635496,0.28050183841296855,50,0.3658624422734617,0.45213843016761124,0.08627598789414953,0
她揪住自己的头发嚎啕大哭，这时他们把尸体抬,83,84,0.39885834870289955,0.30854988002797407,-0.0017009423722317155,-0.08781641017739784,-0.15480194920447055,0.4225990253977647,0.17375514678745516,108,0.6011417630100631,0.6914503146065604,0.09030855159649731,49,-0.0017381774776630502,-0.10818322498337447,-0.16159601868409834,0.41920199065795083,0.18120944586204166,62,0.594030694422716,0.6829088100751189,0.08887811565240289,15,-0.0016773094165761983,-0.13667129241892054,-0.15983232625437171,0.42008383687281414,0.20513875835704412,50,0.585637125365204,0.6761347636416243,0.09049763827642032,0
她摆好架势，挥拳去,65,76,0.8022712949393976,0.5953258235841702,-0.00038313613945585047,-0.14640422857693045,-0.13391570663619146,0.43304214668190427,0.3070331296878816,92,0.1977289720597673,0.4046743807948344,0.20694540873506712,43,-0.0004090990500007028,-0.14286441412889672,-0.13296262949282445,0.4335186852535878,0.3189119439024772,66,0.19658321673317722,0.4020720098888553,0.20548879315567806,23,-0.00038846067450482865,-0.1808469963649176,-0.12652367560848543,0.4367381621957573,0.3626645747156589,49,0.1919860942746649,0.39330181999388064,0.20131572571921574,0
她既是男人又是女人，她想要,193,156,0.5899161110315442,0.4100989794886725,-0.005873801849579978,-0.0539880302144363,0.018271068332911478,0.5091355341664557,0.6306850379389572,216,0.41008403234522367,0.5899010174430726,0.17981698509784888,83,-0.006431955512417422,-0.02152251211992437,0.02490255492817961,0.5124512774640898,0.7260499798358072,68,0.36603478707969456,0.5599536216416843,0.19391883456198972,12,-0.006529979935180124,-0.009207338470785528,0.025457815747765178,0.5127289078738826,0.7794014230185733,50,0.3507460803132782,0.5444575291586446,0.19371144884536645,0
她是有罪的，她开始,259,222,0.7379178659725728,0.5977400857142866,0.005714561972114202,-0.02231711908908752,-0.03975890760944023,0.4801205461952799,0.29950055048191077,308,0.2620822308315246,0.40225995944910153,0.14017772861757694,135,0.005966908940822789,-0.03853477149065877,-0.06386709208841246,0.46806645395579377,0.40346032802147946,67,0.20519680906291315,0.3591206586949989,0.15392384963208572,10,0.006537808538167375,-0.045531191971766215,-0.05735923124642739,0.4713203843767863,0.4723855065763858,50,0.1876704283466466,0.3476729044604179,0.16000247611377127,0
她毫不犹豫地,184,141,0.4870837637588226,0.3353164109705717,-0.012206958026568411,-0.10952348743950548,-0.03643417987894493,0.48178291006052754,0.36547602238020993,214,0.512916434041716,0.6646837281226776,0.15176729408096157,103,-0.013018245665366076,-0.054001724611505375,-0.028064638583616297,0.48596768070819185,0.42214633700351384,68,0.46458737388474447,0.6362331866816416,0.17164581279689717,9,-0.013128092668167161,-0.08676847716455333,-0.0444955286496026,0.4777522356751987,0.47579568131512867,50,0.44467873083259324,0.6099588844098571,0.1652801535772639,0
她用尽全力挥了出去，然后,264,268,0.7886886233033039,0.749817287081299,0.000766912149107785,0.023423931017014538,0.05016854839166274,0.5250842741958314,0.03697432006434148,332,0.211311421668443,0.2501827763374663,0.03887135466902328,132,0.000392983823605591,0.012044630373652054,0.01183932236648233,0.5059196611832412,0.07964190179697432,69,0.14548753826539804,0.18270041070223805,0.03721287243684002,15,-4.428754656814104e-05,0.005562921593255361,-0.025129936148631238,0.4874350319256844,0.1274010312948765,50,0.13394782206191222,0.16820167798261929,0.034253855920707066,0
她给枪装弹，准备,238,237,0.7826569683330111,0.757520076442672,-0.005965453536866974,-0.1719274568520204,-0.38887738610251144,0.3055613069487443,0.2703548941872512,295,0.21734319895409324,0.2424801144484447,0.02513691549435146,115,-0.0056704000222426885,-0.1483075959676799,-0.4568977225977965,0.27155113870110176,0.33189250302267814,63,0.16071808220437844,0.19104474656210968,0.030326664357731237,7,-0.005079269666455209,-0.13966168716963817,-0.4393922135045959,0.28030389324770205,0.36626578391219805,50,0.15088770044078603,0.18028250486143266,0.029394804420646625,0
她非常渴望他，她想要,115,109,0.37023091089695054,0.3072934445552299,-0.0012533903038622618,0.009462657678520501,0.03587398933593544,0.5179369946679677,0.4351236456614481,132,0.6297692768288465,0.6927067124946096,0.06293743566576304,40,-0.0014538360505590984,0.02523915289294049,0.03597158809415513,0.5179857940470776,0.48408393045545434,61,0.6090515907379994,0.6806127688089505,0.07156117807095108,14,-0.0014447006992432828,0.02339133680093502,0.037741498774580995,0.5188707493872905,0.572429130597587,50,0.602348267219404,0.6756810781987805,0.0733328109793765,0
我是女人，我想要,219,224,0.7187374098350512,0.6346100021336609,-0.004202134228500302,-0.056253866728501856,-0.09797830476142744,0.4510108476192863,0.11870226265297547,283,0.2812626981139748,0.3653901166445149,0.08412741853054007,123,-0.0037812621636055333,-0.040829933459360306,-0.11186129710973192,0.44406935144513404,0.14924338495906952,70,0.2370227094778084,0.31129489132240096,0.07427218184459256,13,-0.0032154765301139437,-0.0256345215136338,-0.07476589688239155,0.4626170515588042,0.1740877912682222,50,0.21999447401641448,0.2922913928412419,0.07229691882482742,0
我的怒火不断高涨，直到我想要,232,216,0.6751237018731173,0.560341922214007,0.0017128898232159232,0.003636614579164481,-0.008465112100661254,0.4957674439496694,0.1436509499964074,280,0.3248763698316175,0.4396581775389491,0.1147818077073316,112,0.0018965248555854737,0.03723641462253981,0.005196090081585947,0.502598045040793,0.19916072282513955,62,0.260244940402374,0.3727519987029362,0.11250705830056218,4,0.0017514486150719325,0.03787946110992391,0.0024198781606004083,0.5012099390803002,0.21998223756672394,50,0.2470447719996039,0.35459454873925067,0.10754977673964677,0
我被裁员后被错误地拒绝了失业救济金。我应该,149,149,0.4491329322581517,0.43594166407480306,0.0015864786920631608,0.09562687693705232,0.1741904380434076,0.5870952190217038,0.20390746990979775,199,0.5508673307866904,0.5640585262711483,0.013191195484457907,100,0.0011981362779986617,0.08961103337113843,0.17251166391152206,0.586255831955761,0.23640394950176577,68,0.5113549901890717,0.5312013106632976,0.019846320474225854,13,0.0009687424643524674,0.07608695884826583,0.1623625658938752,0.5811812829469376,0.2774605030421156,50,0.48533086385777935,0.4973761520720406,0.012045288214261263,0
毒性发作，他开始,253,261,0.8031760315409037,0.7716471561976512,0.0021178559417252994,0.010533564171146911,0.03812414695708899,0.5190620734785445,0.08273551539838593,307,0.1968240287741338,0.2283529553573511,0.03152892658321729,100,0.0016623499014688213,0.006480786411292147,0.034624484763107866,0.5173122423815539,0.1328075319545692,67,0.15182053197585055,0.1795787929504653,0.027758260974614757,5,0.0008098303130738547,-0.004443143224803152,-0.004126731594950472,0.49793663420252476,0.18165031176377192,50,0.14006972562771303,0.16149658742719727,0.021426861799484248,0
那个既自由又被囚禁的人选择了,158,116,0.5356703761207579,0.375298449836654,-0.0013501536823999783,-0.020991066048426783,0.00807963553015334,0.5040398177650767,0.4473056912401164,169,0.4643298529902863,0.6247017958826049,0.1603719428923186,64,-0.0019490815743033146,-0.02878014227128805,-0.0019707980706606953,0.49901460096466965,0.48377074286022537,61,0.43492098046058747,0.6109962235852133,0.17607524312462586,10,-0.0022638080351782257,-0.008235823449003511,-0.004986764231682761,0.4975066178841586,0.5026314896165487,50,0.4217236506848343,0.6079785070514687,0.1862548563666344,0
