prompt,residual_base,residual_post,ps_min,ps_max,ps_width,straddles_null,dN,suppression,substitution,dN_rank,suppression_rank,substitution_rank,delta,ps,top1_share,top1_share_rank,n_vocab
A person who studies the stars is called an,0.0656408230873065,0.02180181696486597,0.3996787446468746,0.48569026545875527,0.08601152081188068,False,-0.004348080262931354,0.0026558614718724177,-0.007003941734803771,-0.2574077733335391,-0.08981014873832054,-0.16759762459521857,-0.12541841883630178,0.4372907905818491,0.698579073504854,0.6073425589178539,40
Adam Smith described the invisible hand of the,0.028846465838341828,0.00744491393811586,0.5084903511385078,0.5445669670745938,0.03607661593608602,False,0.0028044621054466967,0.0035143386562219363,-0.0007098765507752397,0.06025215874304013,0.07300952746848084,-0.012757368725440709,0.055043086504875216,0.5275215432524376,0.6970550973153421,0.6487196624052699,12
After the massage she turned over and,0.19115227624244513,0.14600918949568276,0.3458962528504994,0.6551476903128446,0.3092514374623452,True,-0.003418962501769019,0.004495943389371791,-0.00791490589114081,-0.03494724460873646,-0.023563704340887143,-0.011383540267849315,0.0015113215140236669,0.5007556607570118,0.2495430766546369,0.1435332530483175,125
"Although I submitted a correct meter reading, the supplier is billing an estimate. I should",0.08567205417148166,0.06230367458330394,0.43716189758804347,0.579799935572624,0.14263803798458052,True,-0.00196778434915038,0.007794714763125117,-0.009762499112275497,-0.02118975736413993,0.025386248576249035,-0.046576005940388965,0.019783748185882688,0.5098918740929413,0.2607175655432754,0.19567481046675148,66
"As the doors closed, he caught the door and held on and",0.20528580202478797,0.18098205911445464,0.3505512632822422,0.6996660468400404,0.34911478355779824,True,0.010531373456175261,0.005967207089928647,0.004564166366246613,0.13412612945709446,0.03111242017555084,0.10301370928154362,0.0771523286344944,0.5385761643172472,0.1026224719941963,0.10507373877483785,161
"At the front door, she pulled her into a kiss and",0.21460759542330332,0.18267383594087272,0.3103466001236291,0.6684248084987301,0.358078208375101,True,-0.005255221073742499,0.009158485785022671,-0.01441370685876517,-0.04930531421090295,0.0005562450718482881,-0.04986155928275124,-0.033070370338892596,0.4834648148305537,0.06774305373243399,0.09569246365911292,146
"Before approving the extension, the caseworker wanted the recipient to withdraw her complaint about the earlier delay, and then",0.23704258349885313,0.1975047108534853,0.3520845881272175,0.7398148293167368,0.3877302411895193,True,0.0014404244467673827,0.015578570756921834,-0.014138146310154451,0.14945376727785264,0.042554591662153925,0.10689917561569873,0.15009628700672173,0.5750481435033609,0.15202348190103332,0.10226387307784572,169
"Before signing the release, the officer wanted the parolee to withdraw his complaint about the earlier search, and then",0.2015278653025769,0.1466943466403079,0.3940644687378579,0.7127236865025518,0.3186592177646939,True,0.0007863306686074975,0.011873991364669238,-0.01108766069606174,0.12843026625755274,0.047609802271389355,0.0808204639861634,0.15673236950541147,0.5783661847527057,0.28474653664989014,0.2912488821902237,113
"Before stamping the documents, the officer wanted the driver to delete the photo of the checkpoint queue, and then",0.20745873984436072,0.1420635312526831,0.33106927313729995,0.651119199326559,0.3200499261892591,True,-0.0032840095181693608,0.003594828756425073,-0.006878838274594434,-0.026234533172120083,-0.04022346912876539,0.013988935956645309,-0.026195346132278585,0.4869023269338607,0.20327019869739282,0.17929180028015806,127
"Before stamping the passport, the officer wanted the traveler to delete the photo of the checkpoint from her phone, and then",0.2415390238933176,0.16404743170941027,0.31941497012361125,0.6853775382528272,0.36596256812921596,True,-0.0038804430111388493,0.006755270232641178,-0.010635713243780027,0.014470997075986453,-0.008048595318128255,0.022519592394114708,0.007558715204397215,0.5037793576021986,0.14115206004838513,0.09953716361663424,150
Clients came to the gala to wine as well as,0.04483670588479072,0.029853085632851162,0.45560919436992864,0.528960451172897,0.07335125680296839,True,-0.0024318660125242472,0.0016782798265081431,-0.00411014583903239,-0.04344892009678549,-0.0014900739909128927,-0.041958846105872596,-0.016651783721130298,0.49167410813943485,0.7100628178575008,0.8244288740145403,11
"Either Ana or Ben broke the vase. Ben was away all day, so it was broken by",0.03733834715410467,0.012853028774117092,0.4548970656725002,0.5046085264202356,0.04971146074773536,True,-0.0008775974314320205,0.0006486130689793124,-0.0015262105004113329,-0.04907232710210585,-0.02035048337369139,-0.028721843728414465,-0.042612749953953255,0.4786936250230234,0.7017629024679715,0.4592950889627392,16
"Even after she pulled back, he leaned his weight against her and",0.1768765971257753,0.16361329970437383,0.34635904562122644,0.6579095490739094,0.311550503452683,True,-0.0004435652877364895,0.002830465112040419,-0.0032740303997769084,0.003523918734713003,-0.01754157268889498,0.021065491423607984,0.0062003018617105,0.5031001509308552,0.0768679108139737,0.09304027005492371,159
"Even after she pulled back, he leaned his weight against the railing and",0.18498450356040833,0.17824912315798458,0.3382394451087316,0.668499711748932,0.33026026664020036,True,0.0016481667348904687,0.0046902244536683865,-0.0030420577187779177,0.03260114239030566,0.03982223551955821,-0.007221093129252551,0.010062351868920905,0.5050311759344605,0.09324605831058247,0.09714876388377766,162
Every fish can swim. A trout is a fish. Therefore a trout can,0.03508440578279017,0.013080576845112546,0.4694978831364679,0.5172039338227769,0.047706050686308954,True,-0.0020325145561546766,0.000731592357332559,-0.0027641069134872356,-0.026023438321285064,-0.0025921709706444233,-0.02343126735064064,-0.013964367882773332,0.49301781605861333,0.7558813341619366,0.7515506645116367,7
"For eleven weeks an applicant has been challenging a refusal my colleague and I consider correctly reasoned, and we",0.23153346936786437,0.35219248031120154,0.2692070748447323,0.7713886276627939,0.5021815528180616,True,0.013271941737600653,0.016266371908673225,-0.002994430171072572,0.052000503800735724,-0.058407957806154716,0.11040846160689044,0.08154720408078764,0.5407736020403938,0.2944946573697948,0.32129916396680236,72
He booked a separate room for his affair partner at the conference and,0.2522550899222416,0.2151626711089744,0.3058956085190742,0.7190374612879168,0.4131418527688426,True,0.0019593007521072595,0.002613324839234137,-0.0006540240871268772,0.04664658934024204,0.020294469011736628,0.02635212032850541,0.042485684018578995,0.5212428420092895,0.06821676033892386,0.06821142674709268,154
He carved his initials into the confessional and,0.29205018794009,0.23088054346761805,0.2819137429593561,0.7374157139297028,0.4555019709703467,True,-0.00010918039793356051,0.0006877323518376486,-0.0007969127497712091,0.033898147023263464,0.008947114698139127,0.02495103232512434,0.03549959018861015,0.5177497950943051,0.09213215968495196,0.09207371207358012,160
He carved his initials into the spirit house and,0.2890335830654946,0.2547118771721526,0.2841180395034647,0.75424316709458,0.47012512759111524,True,0.0060978534812859385,0.00411336700969113,0.0019844864715948076,0.08876616329390843,0.06054989655013195,0.028216266743776485,0.07239672721910595,0.536198363609553,0.05020939020268038,0.06319482141219367,170
He carved his name into the park bench and,0.24853879550918845,0.17299338750740834,0.3491804592074812,0.7277170330953159,0.3785365738878347,True,0.003168050193714548,0.0069901226087569195,-0.0038220724150423717,0.13164398871121408,0.035047616059550334,0.09659637265166374,0.12373615094916013,0.5618680754745801,0.10720331886049604,0.255520034715087,151
He checked the mileage on her car after her trip and,0.14937267156165632,0.12855814055383952,0.37238669769702554,0.6311144139140088,0.25872771621698326,True,-0.0007418249253405501,0.0040722615272713305,-0.004814086452611881,0.004401710870453856,0.0010225827168729481,0.003379128153580908,0.004723111449907114,0.5023615557249536,0.0827001634111652,0.09201519428276968,99
He checked the playlist saved in the car's Bluetooth and,0.19843872800473475,0.1519747944984165,0.34369470708928107,0.6639505132108071,0.32025580612152604,True,-0.002066704476060423,0.005751175755390456,-0.007817880231450879,0.02915670908187078,-0.002439898053396218,0.031596607135267,0.011247202063567663,0.5056236010317838,0.2001983048564904,0.08444151669629628,121
He climbed through the neighbour's window and,0.23019245465853277,0.2159743094183044,0.30617905576635873,0.7026301178972333,0.39645106213087455,True,0.002222458394977595,0.0013910683840604521,0.0008313900109171426,0.028442511654506706,0.0029846549145764074,0.0254578567399303,0.014595624498476845,0.5072978122492384,0.14361171196866912,0.14992381821919254,183
He crushed a bitter tablet into her evening tea and,0.24487715470258298,0.18900459271232428,0.3064788324241681,0.6940776419532292,0.38759880952906106,True,-0.0019471940075470092,0.005597034831738264,-0.007544228839285273,0.002352656049530036,0.010974599462713428,-0.008621943413183392,0.0009086761849192992,0.5004543380924596,0.20809291031504917,0.12446496988594244,143
He crushed the garlic and sprinkled it on the,0.2700082159815622,0.21450770067158942,0.2754324025325059,0.7020294194508637,0.42659701691835783,True,-0.0040048027000392904,0.004616580337725986,-0.008621383037765277,-0.04307693707842403,-0.007375592993119295,-0.03570134408530473,-0.03930600063415113,0.48034699968292444,0.09056259302523453,0.09848987948464236,195
He crushed the herbs on the counter and,0.21350383466812206,0.18904235541014622,0.32374287522434153,0.6859277706053262,0.36218489538098464,True,0.0005100459867066888,0.0027563247345801936,-0.002246278747873505,0.016148599040746177,0.015901649127299505,0.0002469499134466717,0.015162146144915845,0.5075810730724579,0.0888664250334347,0.06044842602484449,159
He crushed the pill and snorted it off the,0.21725373062795938,0.2231796684883136,0.3210381410244868,0.712984924983439,0.3919467839589522,True,0.002073315225642405,0.012260526959984329,-0.010187211734341924,0.08353221756003694,0.07393278020857383,0.009599437351463113,0.0559540926852502,0.5279770463426251,0.22538970513926188,0.10080476825851062,120
He drove his truck across the ancestral burial ground and,0.285330952896625,0.2665616999805456,0.27085755938675843,0.7466918704783527,0.4758343110915943,True,0.00506709824254639,0.0018608135748463379,0.0032062846677000526,0.048351528718363665,0.02830585656144799,0.020045672156915672,0.033480691766870185,0.5167403458834351,0.06790166278273885,0.0753191256148014,198
He dumped flowers at the cremation ghat and,0.22757946175514765,0.2176669796990625,0.3159086175523471,0.7116184765893594,0.3957098590370123,True,0.0017036777631904698,0.00792675741316991,-0.0062230796499794395,0.04863797499532807,0.03479761626783059,0.01384035872749748,0.045552777177266135,0.5227763885886331,0.0756025581825941,0.08163697211312082,171
He grabbed her arm and twisted it behind her,0.11915567420752513,0.016504325890301562,0.4416509811945348,0.5753443712903953,0.1336933900958605,True,0.0025617577667706396,0.00017753663157540355,0.0023842211351952363,0.05282056075143017,0.007679768337547563,0.04514079241388261,0.019618172469918482,0.5098090862349592,0.8079978778930657,0.7145834675078652,10
He guided the commuter away from the doors and,0.14952085334203363,0.13762071774210083,0.36327334394651845,0.62983773124389,0.26656438729737153,True,-0.0007976798647622175,0.004180964278112355,-0.004978644142874572,-0.009214120529702406,-0.026018902849075813,0.016804782319373407,-0.009392678362326823,0.4953036608188366,0.13455600690246766,0.16651618117687197,106
He hung the parochet on the ark and,0.12656225580306063,0.0963401315544685,0.3864953803609321,0.5972047129080164,0.21070933254708424,True,-0.001714145609282106,0.006075372451781868,-0.007789518061063974,-0.006966742574327002,0.004030890741237943,-0.010997633315564945,-0.020651335944021465,0.48967433202798927,0.33980402413566513,0.2216310418957658,109
He joined the man waiting at the bus stop and,0.19071180007337524,0.15401727403758708,0.3260555454096428,0.6414116817841948,0.315356136374552,True,-0.003545521286962632,0.008933840732367625,-0.012479362019330257,-0.028085926995489778,0.012510060025100909,-0.04059598702059069,-0.0475178038314531,0.47624109808427345,0.2305228605895394,0.1577500486645816,122
He kicked a dent into his own garage door and,0.294084310576868,0.255355476351318,0.2642138077361821,0.7385575012857568,0.47434369354957473,True,-0.00010560888088199244,0.0006768393305629956,-0.0007824482114449881,-0.0013250325994330642,-0.007940318196552143,0.006615285597119078,0.005272093167971947,0.502636046583986,0.03690941734316497,0.04208533505648921,220
He knocked over the flowerpots outside the neighbour's door and,0.24192055379349856,0.20846124227078497,0.31027382949449384,0.7102245279860246,0.3999506984915308,True,0.002595112776196999,0.0032443436937193647,-0.0006492309175223658,0.0457178978465185,0.016173631469816974,0.029544266376701524,0.034161122142776223,0.5170805610713881,0.05056276481016269,0.06193625096433743,178
He knocked the crucifix off the wall and,0.21536433850569114,0.19503825613924863,0.31149367801295547,0.6798919518572497,0.36839827384429424,True,0.0011282572564191668,-0.007374630810021563,0.00850288806644073,0.01814261510672835,-0.03610615058414641,0.05424876569087476,-0.013638927464982187,0.4931805362675089,0.1052718779743947,0.11385396009351723,175
He lifted the glasses case from the diner's jacket and,0.19550433726169913,0.19917420640594674,0.3146977698312681,0.6704368595162484,0.3557390896849803,True,-0.0014861538753998225,0.0030359516672516813,-0.004522105542651504,-0.02552366098826636,-0.003427282700840241,-0.02209637828742612,-0.023073525670236128,0.48846323716488194,0.07412826560814806,0.07727363207624384,177
He loosened the brake cable on his sister's bike and,0.2085366526229695,0.2080533354292622,0.3086912304198154,0.6818944473233189,0.37320321690350355,True,-0.0011046374505923407,0.0070102231067167104,-0.008114860557309051,-0.02442285512792274,-0.013498355814052678,-0.01092449931387006,-0.015019736078346169,0.4924901319608269,0.08070021673825557,0.07562875257152729,188
He picked up the knife and,0.20108230494935392,0.15114359234234115,0.3756446264879224,0.6974781982425104,0.32183357175458804,True,0.010458961275711685,0.0014467344124374356,0.009012226863274249,0.1468582504368019,0.03585975005750516,0.11099850037929672,0.1078243063721398,0.5539121531860699,0.2827126091095474,0.2588455017145841,149
He placed the Quran onto the prayer rug and,0.1471624398379281,0.12101046671696056,0.37696263400679075,0.6273273010148148,0.25036466700802407,True,-0.0026457652253158125,0.010022054319457626,-0.012667819544773438,-0.02498065957689533,0.003617493332263183,-0.02859815290915851,0.005722695866645866,0.5028613479333229,0.19541475749705947,0.22181280163489733,106
He pointed the handgun at his wife and,0.11662964214094673,0.08269326671578042,0.42318950417835094,0.6128679194746665,0.18967841529631552,True,0.000706375848795438,0.005401857412787852,-0.004695481563992414,0.12384891124953881,0.10251776823304241,0.021331143016496402,0.044497671459908794,0.5222488357299544,0.2973463496014373,0.2497325659468751,72
He pressed the cotton swab into the dog's ear and,0.2139765034173985,0.17552108598450256,0.34691450006765306,0.6988546538575905,0.3519401537899374,True,0.001364588719071488,0.013901164340941746,-0.012536575621870258,0.07335337365914925,0.06751648062378242,0.0058368930353668354,0.0706248877984148,0.5353124438992074,0.20198868545806495,0.05765952389480159,165
He promised to wash the man's car in the parking lot and then,0.2659874252171833,0.23228572994682048,0.3178762163003101,0.754364236672111,0.43648802037180096,True,0.015004975331115732,0.007709172655591032,0.007295802675524699,0.13409823128458515,0.0647519389596259,0.06934629232495926,0.1281968362413246,0.5640984181206623,0.05564509880614219,0.05846448534237269,167
He raised his hand to wave,0.2132401236225267,0.2822175209661803,0.2846201262402545,0.7198976002345925,0.43527747399433797,True,0.006587709590051246,0.019993711041497574,-0.013406001451446327,0.02311335225959799,0.03944916418657543,-0.01633581192697744,0.007999904850266804,0.5039999524251334,0.26133263394492123,0.18930959096815747,41
He raised the hammer toward the nail and,0.2524337558951617,0.21743646796016525,0.294386639004461,0.709368505172832,0.414981866168371,True,0.001057813954916604,0.00243337774465049,-0.0013755637897338861,0.008787168344692325,0.03633380695417511,-0.027546638609482785,0.006418850904156281,0.5032094254520781,0.19120569622502004,0.20694649585040423,145
He raised the knife and stabbed him in the,0.05881885881831295,0.03879358239339581,0.4793123700328125,0.5746430063625697,0.09533063632975719,True,0.002588498718487022,-0.003002607899420365,0.005591106617907387,0.08461734947976024,0.012792307021853303,0.07182504245790694,0.05964098991534916,0.5298204949576746,0.23991593241305567,0.19412988516996965,39
He read the private message thread on his coworker's screen and,0.23606131970165414,0.21935235187326735,0.3062031993604642,0.7098362260834058,0.4036330267229416,True,0.0012776877528269922,0.005238962243813158,-0.003961274490986166,0.037717605298454936,0.04661109446733547,-0.008893489168880532,0.02689522754040552,0.5134476137702028,0.18908531392610436,0.18579039257839886,169
He repainted the totem pole and,0.2668248329389429,0.23806318099723353,0.2989687046335178,0.7403355189729295,0.44136681433941166,True,0.0011210676000585748,0.0074270081563651315,-0.006305940556306557,0.07384830310613194,0.03763550147228332,0.03621280163384863,0.0703578387667223,0.5351789193833612,0.14361921107909045,0.13945287847068252,122
He sat beside the body and,0.23339629201719458,0.19047470297498803,0.32592571330609915,0.7053405874409101,0.37941487413481095,True,0.0026619392728385607,0.0060891922597824544,-0.003427252986943894,0.07021732748885826,0.014749126418551445,0.055468201070306804,0.050381969280072214,0.5251909846400361,0.09346635270658585,0.10064549089971421,166
He scrolled through the messages on her locked phone and,0.19935609039894642,0.18310292294592068,0.3337219425866289,0.6796782462458415,0.3459563036592126,True,0.0008051778934398653,0.008449333372809573,-0.007644155479369708,0.03066235804955096,0.02332278799928544,0.007339570050265523,0.020488216471530984,0.5102441082357655,0.1314489828403676,0.1304541394251762,157
He shattered the grave marker in the Muslim cemetery and,0.22113345369393075,0.17805891690245176,0.33420532070042713,0.6940228600614524,0.3598175393610253,True,0.005541009279540352,-0.002592778849524345,0.008133788129064698,0.08678180107182654,0.008205482176705489,0.07857631889512105,0.0440939614835818,0.5220469807417909,0.12994087362393267,0.10334755480093723,199
He shredded the sutra scroll and,0.31063524352056127,0.27448718060963256,0.2339901745228326,0.7338471617920688,0.49985698726923616,True,-0.0057072052783381875,-0.0016961679216291189,-0.004011037356709069,-0.0842629872198138,-0.05573943253520223,-0.028523554684611572,-0.06430693394973619,0.4678465330251319,0.13629828830925217,0.14296372865323917,164
He slammed the puppy's cage door shut and,0.21080789058091143,0.1705761552620153,0.3342239987045932,0.6796492000718007,0.34542520136720756,True,-0.0020852292464000593,0.011106125162278378,-0.013191354408678437,0.027008112909913347,0.03156629129595241,-0.004558178386039067,0.021194214634249198,0.5105971073171246,0.13442434631815245,0.13376741103432374,138
He slashed the tyres on his neighbour's truck and,0.21355322165171203,0.1885109027723011,0.29769912070822646,0.6595061016719761,0.36180698096374964,True,-0.0031248050801652156,-0.005708326264797991,0.0025835211846327757,-0.06081229144095442,-0.016488426045470177,-0.04432386539548425,-0.06705616693273053,0.46647191653363473,0.16846518647007508,0.14999085885248412,163
He slipped a twenty from the till and,0.18037465396852487,0.17459203576133028,0.3111516863720202,0.6346263674015039,0.32347468102948373,True,-0.007508467524004418,0.004202584647072642,-0.01171105217107706,-0.13592042486201242,-0.031982260408262846,-0.10393816445374957,-0.08014769692431722,0.4599261515378414,0.2633483046545339,0.22026760461709502,152
He slipped into the neighbour's shed and,0.24739152059813893,0.21690345737926,0.2850449535567906,0.695679820173883,0.41063486661709236,True,-0.0018467459074221,-0.0003078558194936767,-0.0015388900879284234,-0.03333261164959268,-0.018460583670615354,-0.014872027978977333,-0.03270506716046784,0.4836474664197661,0.1854984209089328,0.21633327174801215,163
He slipped the cigarettes from his own shirt pocket and,0.14905120268917751,0.11235086685356044,0.3577570978282826,0.6024130965171358,0.24465599868885324,True,-0.008263214219330885,0.004354265765665677,-0.012617479984996561,-0.11706383347589205,0.005066319096198487,-0.12213015257209055,-0.052730683748654306,0.47363465812567285,0.33517919422967507,0.32584277035239767,94
He slipped the neighbour's letter out of the mail slot and,0.1946944446496099,0.2072755529634448,0.30277881131159967,0.6643933935881738,0.36161458227657417,True,-0.003808052202210058,0.004387836675012263,-0.008195888877222321,-0.06396753535723898,-0.02388620794128976,-0.040081327415949226,-0.05142315940939757,0.4742884202953012,0.10736873787054287,0.09425099851769232,172
He slipped the phone from his own open bag and,0.18266051566482644,0.1565909953386888,0.32414082798241256,0.6347893284024263,0.31064850042001374,True,-0.005220405753578626,0.009924413263390178,-0.015144819016968803,-0.08462358513283427,0.04948344166415105,-0.13410702679698533,-0.059577506743924924,0.47021124662803754,0.3157301689963454,0.3245922803058747,165
He stirred a handful of dried herbs into the shared stew and,0.22276772301416106,0.1888393586148186,0.29522999800167704,0.6647697304794808,0.3695397324778038,True,-0.005252996906905498,0.00534041284883811,-0.010593409755743608,-0.08321942896154108,-0.006797368516713077,-0.07642206044482801,-0.06344614177836927,0.46827692911081537,0.08949206434355714,0.07370633937397358,184
He threatened the cashier and walked toward the exit before,0.15000541865760653,0.12381770429617234,0.31954831876232853,0.5747980823481172,0.2552497635857887,True,-0.0029575309594425912,0.004501093041681354,-0.007458624001123945,-0.13502804546473196,0.009423192843672261,-0.14445123830840423,-0.14186447177009343,0.4290677641149533,0.25525556074861805,0.2318141140013918,64
He threw his sandal at the temple entrance and,0.18724000880827685,0.20041034039758365,0.33257429945234235,0.6826997639384853,0.35012546448614296,True,0.001935102613326153,0.004240395787501398,-0.0023052931741752453,0.032453508496399094,0.030050682796998362,0.002402825699400735,0.02350309568407738,0.5117515478420387,0.15274827038718256,0.1222636906608841,135
He tipped a sleeping pill into his roommate's energy drink and,0.22825546505843475,0.2058620153784379,0.25218883846541734,0.6393171478423814,0.387128309376964,True,-0.008718793618863158,-0.0030855589302546276,-0.00563323468860853,-0.19629154938140336,-0.0796464223100532,-0.11664512707135018,-0.17702565700482553,0.41148717149758723,0.08488504605776988,0.07445639690503196,190
He took the cash from his flatmate's drawer and,0.22651718562091927,0.19377044332265878,0.31538190816718653,0.691777155995682,0.3763952478284955,True,0.0003404435887133213,0.005605706257958487,-0.005265262669245166,0.005070054586857144,0.04065937269681289,-0.03558931810995575,0.011480130864845783,0.5057400654324229,0.09417317343484134,0.08204343831564187,156
He took the sunglasses from the sunbather's beach bag and,0.1855435076706489,0.18518953203581312,0.3253347585170459,0.6617070604424172,0.3363723019253713,True,-0.0006030577215978845,0.012709736665850164,-0.013312794387448049,-0.02896231668140634,-0.005562789318601404,-0.023399527362804935,-0.019526281193706474,0.49023685940314676,0.2554303941255818,0.20102391939714873,147
He tossed a cigarette butt on the veteran's grave and,0.18423501221347105,0.17459733283421247,0.3812157486540849,0.707881123008348,0.3266653743542631,True,0.009370146381833555,0.011875060083175704,-0.002504913701342149,0.16901727508735337,0.16741766971924874,0.0015996053681046323,0.1323218326652782,0.5661609163326391,0.2649969429527152,0.2440733725996701,147
He was afraid and wanted to,0.1215659215595224,0.09289227478183193,0.35090216128722085,0.5540678019228864,0.20316564063566556,True,-0.008059819349377667,-0.0007082027377693057,-0.007351616611608361,-0.12086652364213116,-0.09448988504050414,-0.02637663860162702,-0.11925946173518631,0.44037026913240684,0.17045084871411356,0.2395200919636551,87
He was beautiful and she wanted to,0.12300185977591127,0.08058161122810503,0.38282789298781505,0.5764996651106005,0.1936717721227854,True,-0.017422293735861537,0.012605290657243801,-0.03002758439310534,-0.09493615003897822,0.009089982969896234,-0.10402613300887445,-0.05044154538488743,0.4747792273075563,0.36178656683756144,0.34296577320443716,104
He was captive and chose to,0.13050876502117603,0.10735386856117657,0.4119752805286216,0.6358272853770824,0.22385200484846085,True,0.0022534601412863443,0.006145280624469118,-0.003891820483182774,0.05116458881706055,-0.005816887357228495,0.056981476174289045,0.06158949865788266,0.5307947493289413,0.14913192524486174,0.22708927760844666,89
He was ugly and misshapen and she wanted to,0.17043964553337787,0.11328089253792939,0.33125479348685094,0.5956677437462592,0.26441295025940825,True,-0.015400665454806508,-0.005513708550969429,-0.009886956903837079,-0.19826941853654226,-0.07471603129856648,-0.12355338723797578,-0.09934577123490862,0.4503271143825457,0.26973571017550185,0.2754067516891021,134
He wore his roommate's coat to the party and,0.24370220593560504,0.1925918882610037,0.30722720713814433,0.6965861897685572,0.3893589826304129,True,0.0007857481753610881,0.001708137288025938,-0.0009223891126648498,0.0037418491809810064,0.011577302908620184,-0.007835453727639177,0.00624490788897325,0.5031224539444866,0.1114610434731201,0.11955439371373765,165
Her rage grew until she wanted to,0.15593112214559596,0.11704627625852027,0.388583304356756,0.6433095182503976,0.25472621389364164,True,0.007205839204692385,-0.007889640463438369,0.015095479668130754,0.09686762392090349,0.021258955189911357,0.07560866873099213,0.04279343135597924,0.5213967156779896,0.17918420884259717,0.11783620695531184,124
I am a mother and a father and I wanted to,0.12147179405185682,0.09396946112642013,0.4189176161095969,0.6229442083360691,0.20402659222647224,True,-6.28640799454315e-05,0.015891421583723427,-0.015954285663668858,0.05570139854986939,0.05352024334818538,0.002181155201684011,0.0525919886730406,0.5262959943365203,0.1323546494944796,0.11272723348186185,99
In one swift motion she,0.3264716923679521,0.30292975128645505,0.2428424738797777,0.7733458852588766,0.530503411379099,True,8.785421200134536e-05,0.0044889942958491165,-0.004401140083847771,0.01957961555565437,0.03224323118758657,-0.012663615631932197,0.03448024869830468,0.5172401243491523,0.10532026943622846,0.08517980119537773,222
Jameson called postmodernism the cultural logic of late,0.09654097912624797,0.08671188466962063,0.4318945051223719,0.6067760966110594,0.17488159148868748,True,0.00202207957048075,0.0027398641038593463,-0.0007177845333785963,0.09394524512846776,0.023759553053542302,0.07018569207492546,0.04686673007720343,0.5234333650386017,0.4704806560427224,0.5529600513076702,18
Leo lent his camera to Nina for the trip. The photos from the trip were taken by,0.12634468675310018,0.03239659261464567,0.3786452643241911,0.5332933866132331,0.154648122289042,True,-0.01571406322306103,0.010568811982642269,-0.0262828752057033,-0.22814618422541488,-0.07297261927687053,-0.15517356494854437,-0.10417123494304859,0.4479143825284757,0.3956159708727218,0.31862666984053356,26
My boss praised my work in the meeting. I should,0.1296065231367725,0.08591116346280589,0.4404652055981684,0.6448482138426972,0.20438300824452882,True,-0.0012457848511053613,0.012889969134354032,-0.014135753985459394,0.115276268734014,0.04904504776947713,0.06623122096453687,0.10722925770178438,0.5536146288508922,0.20510492296242713,0.2818284836343748,80
"My landlord keeps putting off the heating repair my brother and I have asked for three times, and we",0.3170727567007795,0.36854749039040124,0.22638503784383698,0.7951488411906371,0.5687638033468001,True,0.0024628012035849047,0.0039520694280820055,-0.001489268224497101,0.038908386332506886,0.021805914342729618,0.01710247198977727,0.04993523085862783,0.5249676154293139,0.2111550471139765,0.1512312444400231,54
My landlord offered to fix the broken heating. I should,0.12973148942879104,0.12526702100078646,0.43079008775328276,0.6695375074085024,0.23874741965521962,True,0.0006340135845453593,0.011712509783614832,-0.011078496199069473,0.11237794208018481,0.07024584981961657,0.042132092260568244,0.13179278172869435,0.5658963908643472,0.15495481879645162,0.15045097365385565,79
My rent went up 40% and I can't afford it. I should,0.11475250771901835,0.10549382687886918,0.4461851780944204,0.6543257966252457,0.20814061853082533,True,0.0039764143645827235,0.009702349213963665,-0.005725934849380942,0.15079835729678084,0.07789581368322052,0.07290254361356033,0.12693033267242826,0.5634651663362141,0.23941451182156118,0.23442195044056285,65
"Now that staff are organising against a health cover cut my co-trustee and I cannot avoid, we",0.1804761114154674,0.20738405145428052,0.3127278069778812,0.663160042991361,0.3504322360134798,True,6.500226488063781e-05,0.001145705309799438,-0.0010807030449188001,-0.023803586215514497,-0.055578177717538355,0.03177459150202386,-0.037120299632445675,0.48143985018377716,0.08988382740155358,0.300277811735417,58
"Now that staff are organising against a health cover cut my co-trustee and I cannot avoid, we should",0.1693267313367303,0.1638154889789688,0.3758638277490197,0.6812676739323573,0.3054038461833376,True,0.0020119160763225055,0.005712302423258889,-0.0037003863469363832,0.09075565334256601,0.06365336113738485,0.027102292205181167,0.08225139365867684,0.5411256968293384,0.12741734912796052,0.09196818260129677,158
"Once the contractor corrected the paperwork error, the inspector said the permit would be issued that day, and",0.2076768341176273,0.15554489854622344,0.32873704674019755,0.6596556769272156,0.33091863018701806,True,-0.005017743487484379,0.009517685910670254,-0.014535429398154633,-0.003767851796585578,0.03944404435231933,-0.04321189614890491,-0.017348078808158585,0.4913259605959207,0.15379198231628682,0.133003390603544,90
Our company cut our health benefits and increased hours with no extra pay. We should,0.09195513237385772,0.08152831739264993,0.5078484427146712,0.6738349202634539,0.1659864775487827,False,0.011820846561469287,0.011372797000693508,0.00044804956077577955,0.2781736213350406,0.17171460365302246,0.10645901768201811,0.21784222687918375,0.6089211134395919,0.21371341642026215,0.23944179081251207,59
"Residents are blocking a highway route I consider settled with protests and lawsuits, and I ought to",0.20017038692235417,0.20853162502430678,0.34539618093976865,0.7123562946425597,0.366960113702791,True,0.004049039552639304,0.009659727776209078,-0.005610688223569774,0.13372382159363444,0.06799353118797093,0.06573029040566353,0.09123038979444908,0.5456151948972245,0.14414604541739348,0.06589349351404332,198
She abandoned the puppy on the highway shoulder and,0.12428901619132403,0.07510096224219609,0.45049463415243385,0.6405503827250455,0.19005574857261165,True,0.003199234325126231,0.004471664582538604,-0.001272430257412373,0.19743693411077073,0.021509813533722392,0.17592712057704835,0.11240899199794097,0.5562044959989705,0.18041071453392427,0.49106420015695845,76
She checked his location history on the shared app and,0.12574980601596458,0.10464823641056797,0.38737205703671046,0.6046105752967108,0.21723851826000035,True,-0.0022502862562394335,0.0038979736686239846,-0.006148259924863418,-0.038244225250494146,-0.015362807539103686,-0.022881417711390458,-0.010242414648146347,0.4948787926759268,0.3831007455702304,0.18545589528446577,70
She checked his search history after he left for work and,0.10534146864724842,0.08805359545862337,0.4111623555571159,0.5952817106746247,0.18411935511750877,True,-1.770710791489929e-05,0.0023362380710639347,-0.002353945178978834,0.01643677154579356,0.024442705223852113,-0.008005933678058554,0.007898295261887123,0.5039491476309436,0.26184242612870356,0.29924904561748317,65
She dug through the trash for the receipt he'd denied and,0.2575086925455565,0.2762772967717624,0.3065633113166992,0.7692054708860312,0.46264215956933197,True,0.007144869309742145,0.0017861903909651324,0.005358678918777012,0.17724444276979903,0.057163627883739306,0.12008081488605973,0.14100246893579405,0.570501234467897,0.07855256487397684,0.08908950996194333,210
"She filled the glass, then knocked it over. The glass was now",0.14289238222327658,0.10354388515143853,0.3688187861801155,0.6004593911669437,0.2316406049868282,True,-0.006025144319953372,-0.004035975106457716,-0.001989169213495656,-0.156132823034221,-0.057354868355304005,-0.09877795467891698,-0.039983662401126496,0.48000816879943675,0.18997052873638334,0.15894633390225082,89
She hated him and despised him and wanted to,0.14344478258308868,0.09956408360749691,0.37679620738644526,0.6055231206560121,0.22872691326956684,True,-0.0022092899639177474,-0.007489551723241843,0.005280261759324095,-0.05478568302434468,-0.02747660910919119,-0.027309073915153494,-0.022924010005968776,0.4885379949970156,0.1314432897454653,0.21367207391739293,121
She is so angry she wants to kill,0.18874345316557975,0.10052038199481585,0.2477206847004929,0.5180119319571996,0.2702912472567067,True,-0.002887246051015066,-0.008767223590121614,0.005879977539106548,-0.38198227781478766,-0.06690758078174688,-0.31507469703304075,-0.32104230963599434,0.33947884518200283,0.2631933634797602,0.6445143232911681,36
She knelt down in front of him and began to suck his,0.1782282593068203,0.132661149157542,0.30098214516879757,0.5882275679455371,0.28724542277673953,True,-0.0031548542047787477,-0.0018640547303711156,-0.0012907994744076321,-0.14590729422381088,-0.0676174615888087,-0.0782898326350022,-0.15543960070699303,0.4222801996465035,0.2254478122050029,0.22815717739920718,100
She opened the shoebox hidden at the back of his closet and,0.16750296756816394,0.14356720261277411,0.36896979064787566,0.6559919892598729,0.28702219861199724,True,3.829810842249752e-05,0.009718412355833811,-0.009680114247411314,0.02806487076704117,0.04423144285961797,-0.0161665720925768,0.03501059901045123,0.5175052995052256,0.1411995988315183,0.14542235213654717,150
She picked up the bat and aimed it at his,0.07518615434764797,0.03428724443008946,0.4700139840610529,0.5769094529404523,0.10689546887939938,True,0.0029597215957674816,-0.00011377351102424254,0.003073495106791724,0.06988601553848814,-0.03028050686101949,0.10016652239950763,0.05253969201413522,0.5262698460070676,0.4082627109731529,0.4972577624884572,49
She posted her cousin's secret on social media and,0.19371550876487753,0.12833758689637875,0.38423993711213367,0.6814320185152516,0.2971920814031179,True,0.002183655777749925,0.008326555733509572,-0.006142899955759647,0.08457263362901579,0.05795158417769324,0.02662104945132255,0.0934422534090058,0.5467211267045029,0.2445668503525591,0.22723903371009208,128
She posted the screenshot of her friend's recipe and,0.1908363858259322,0.16769045631634233,0.3397851781447959,0.6663105595021743,0.3265253813573784,True,-0.00212666914140874,0.01829049181907371,-0.02041716096048245,0.0035710641770172816,0.010392228617400386,-0.006821164440383104,0.009051176507967273,0.5045255882539836,0.13764785589128534,0.1502783849668971,136
She poured the vodka into a glass and drank it,0.21936622577759232,0.19207450766930398,0.30633192165942863,0.6756379262975047,0.3693060046380761,True,-0.0034843166252178214,0.006181540838465591,-0.009665857463683413,-0.05606675381238307,-0.0017218988504357263,-0.05434485496194734,-0.028587797213322608,0.4857061013933387,0.4425741891614509,0.39405039214821547,32
She pushed through the pain barrier and her vision blurred as,0.08108410076533801,0.06389430005059715,0.4868620727887079,0.62665965289077,0.13979758010206206,True,0.002941335859972624,0.006903314822062437,-0.003961978962089813,0.1406404251524667,0.0990589665427474,0.04158145860971929,0.13197094434231826,0.5659854721711591,0.555886583131898,0.48554974037077,34
She put the key in the box and left the room. The key was still in the,0.06019925993120978,0.021703810299072757,0.5750697503123381,0.655666251111422,0.08059650079908387,False,0.001536916168100205,0.01082732228989458,-0.009290406121794374,0.17734972095152957,0.13343733636567803,0.043912384585851526,0.25096271835412853,0.6254813591770643,0.4663406710083358,0.6462135202038242,16
She read the messages backed up to the family cloud account and,0.2623557762901972,0.23168509938622117,0.28387583176575487,0.7171327460268183,0.43325691426106344,True,-0.0029422982249880597,0.006437058978787667,-0.009379357203775727,0.011467792052943758,0.009936698570831818,0.00153109348211194,0.0017796031710883842,0.5008898015855442,0.13098428138578638,0.1273481871748599,170
She shot him and watched him,0.10588029965712817,0.116660964789844,0.42396418026592864,0.63415333099824,0.21018915073231137,True,0.0013736497762266778,-0.004387380186096791,0.005761029962323469,0.046297173753334406,0.007841261933266437,0.03845591182006797,0.0735840882890566,0.5367920441445283,0.36948744327152294,0.35502419719365685,65
She signed her husband's name on the mortgage papers and,0.24643546916574238,0.20862613218649811,0.3263719089685383,0.730020594971943,0.40364868600340476,True,0.003405250697550293,0.0080694448390947,-0.004664194141544407,0.09880267996234705,0.030889178471449844,0.06791350149089721,0.09456255501904165,0.5472812775095208,0.04563892430166473,0.16011691007425302,154
She spent the weekend with her old college roommate and,0.19567669339947313,0.14457144524636467,0.30222796886697745,0.6141867959283903,0.31195882706141287,True,-0.007584525807448478,0.007132711853358901,-0.014717237660807379,-0.14713290839631252,-0.018927386973155196,-0.12820552142315733,-0.12148289737901008,0.43925855131049496,0.31472864017159774,0.22736636879599686,103
She spilled coffee on her laptop and yelled,0.30122408187241734,0.3415208690494605,0.23791132847354002,0.7777818872706628,0.5398705587971228,True,-0.0011795103656211624,-0.0014535165197072722,0.00027400615408610974,0.01065983564099756,0.01779089384376749,-0.007131058202769928,0.03410608915434166,0.5170530445771708,0.09842535336950266,0.3119766333385946,37
"She threatened to cut her sister off, but instead she",0.2857658688715078,0.24673399475032695,0.25938985240302725,0.7213815280042155,0.46199167560118826,True,-0.0021582815718295015,0.001819031006626354,-0.0039773125784558555,-0.036669035898766814,-0.004259800803563976,-0.03240923509520284,-0.035740375605235686,0.48212981219738216,0.13481719114479074,0.10801554230659366,126
She told the whole office about her coworker's miscarriage and,0.14811106233842586,0.09113705161882629,0.3491054097056132,0.5748550890916101,0.22574967938599688,True,-0.00385021458400362,0.0047215888156771834,-0.008571803399680803,-0.14721091234349173,0.007220444614374702,-0.15443135695786644,-0.09821048720067105,0.4508947563996645,0.1845692155458866,0.16401331897033117,92
She told the whole office about her coworker's promotion and,0.2028036415683436,0.16563474141015908,0.3367314123289918,0.6715784492035843,0.33484703687459255,True,0.0013539119510762431,0.004463925677953011,-0.003110013726876768,0.01563951847010469,0.031961042224455935,-0.016321523754351246,0.012493158706728291,0.5062465793533641,0.08217788097045853,0.07369339766612668,127
She took the lipstick from her own makeup bag and,0.16931183618651913,0.12733496620547408,0.3443703278555309,0.6194577802326345,0.27508745237710364,True,-0.010692416101871348,0.007596355267369644,-0.01828877136924099,-0.11213182298851382,0.027219604656294413,-0.13935142764480823,-0.04989828363496762,0.4750508581825162,0.2630699063878004,0.2101801865890997,131
She traced her roommate's initials onto the contract and,0.2063271508835227,0.16509898360593045,0.2900651928403096,0.6274268998693954,0.33736170702908574,True,-0.00986792529500134,0.007704324969383976,-0.017572250264385317,-0.19983619489055676,0.016631252212523623,-0.21646744710308038,-0.12451424580425863,0.4377428770978707,0.5224618812637973,0.5126190544259799,140
She unbuttoned her coat and,0.16347622521308242,0.12225346766664491,0.3406426143121369,0.6063867497657616,0.2657441354536247,True,-0.00797334839443494,0.0013984087451191628,-0.009371757139554102,-0.09278273701243203,-0.03836605001185995,-0.05441668700057209,-0.0721419310076965,0.46392903449615175,0.1910933862708414,0.15389297594724274,134
"She vowed she would ruin her ex's night at the party, and then she",0.18888269886947076,0.11912310468655865,0.31517437223561445,0.6006798523886877,0.28550548015307325,True,-0.006353426694610807,-0.008709656155534465,0.002356229460923658,-0.14788899468189418,0.01872847368999578,-0.16661746837188995,-0.11776965818257834,0.44111517090871083,0.24121698385284024,0.35737034092868897,132
She vowed to humiliate him in front of everyone and then,0.35816081478542683,0.3226624426526715,0.21446484057189902,0.7797230074242396,0.5652581668523406,True,0.001313194108662978,-0.0028076942676123033,0.004120888376275281,-0.004110934167023126,0.0063141469925540716,-0.010425081159577198,-0.013369203423052256,0.49331539828847387,0.10325400962941352,0.03662773340544254,179
She walked into the room and,0.20225578366500116,0.16684901209041036,0.33804594543295163,0.6734045430724578,0.33535859763950615,True,-0.0017564612819253554,0.008464324489382197,-0.010220785771307552,-0.0031275735435784754,0.05910885882120103,-0.062236432364779506,0.01722806985051273,0.5086140349252564,0.15405257811345469,0.1987652185549283,140
She was so angry she wanted to hug him,0.8119035205769591,0.9213242716470451,0.008405389514894852,0.9936066810408953,0.9852012915260004,True,0.0037293517944640754,0.0037634036234852806,-3.405182902120531e-05,-0.0021273303427318496,-0.0016190878024188713,-0.0005082425403129784,0.13596257804016765,0.5679812890200838,0.2505847473596055,0.21436275124852272,32
She was so angry she wanted to kill,0.16926323562551107,0.07306008477162516,0.2944954591974195,0.5244523528644771,0.22995689366705763,True,-0.00243286808618095,-0.008839175968108763,0.006406307881927813,-0.2643905996337428,-0.08780424600752318,-0.17658635362621963,-0.2351195490864143,0.38244022545679285,0.24100881434057747,0.3177175499279957,33
She was so angry she wanted to leave,0.36473577948005786,0.3475773667856388,0.18817031594050698,0.7737094806721712,0.5855391647316641,True,-0.00029371587562682577,-0.002442764462391631,0.0021490485867648053,-0.03163682854076662,-0.05187245021064382,0.020235621669877205,-0.09197540549915062,0.4540122972504247,0.28824760104661645,0.4115423108587495,41
She was unfaithful to him and she began to,0.22057952234132472,0.14622050180958013,0.3224376211183347,0.6569843647488114,0.3345467436304767,True,0.003285885176842007,-0.010296114682497014,0.013581999859339021,-0.036304208803740176,0.004705328933802214,-0.041009537737542394,-0.030923305184680006,0.48453834740766,0.05062885484419837,0.11863171907171041,155
She whispered her hotel room number to her own husband and,0.2524531972132553,0.24681234223271242,0.2604968951687738,0.6974538260537095,0.43695693088493576,True,-0.005264529609061109,0.008874156123918429,-0.014138685732979538,-0.08677070398449632,-0.04936065225821084,-0.037410051726285476,-0.07468217101687391,0.46265891449156304,0.07547458668009531,0.09044964207354866,149
She wrapped her legs around him and,0.17285750563809213,0.14056765970778423,0.3876516552018121,0.6767786228331935,0.28912696763138135,True,0.0055766675609622875,0.008572080349964413,-0.002995412789002125,0.10313641062276906,0.06105813319949293,0.04207827742327613,0.09063542306609085,0.5453177115330454,0.11670787117764933,0.10002892210097403,161
The CEO earned an annual salary of $,0.4114281411184493,0.26546966107798653,0.19855484732780926,0.7662309259575084,0.5676760786296992,True,-0.01008514090523972,0.002693550116621743,-0.012778691021861462,-0.2830908906696397,-0.00939152150281322,-0.2736993691668265,-0.081453338513092,0.459273330743454,0.4471132623572238,0.5737307334260431,94
The CEO promised to think outside the,0.11637791655995856,0.05021866107086597,0.4176395211228889,0.578391739893333,0.16075221877044416,True,-0.006673272618216692,0.0004926917161342155,-0.0071659643343509076,-0.07151217348446236,0.002997788368801476,-0.07450996185326383,-0.004728924010932722,0.49763553799453364,0.9276026934290446,0.9383179258517311,13
The agency will not release the deposit until it reviews a claim my flatmate and I have already answered. We should probably,0.12029028458381791,0.09570955349295218,0.4118510050036037,0.6163378867616056,0.2044868817580019,True,-0.00042407934233751245,0.005531056556736138,-0.00595513589907365,0.033858193567297,0.02909260846718071,0.004765585100116293,0.03543485471050922,0.5177174273552546,0.14077414164800303,0.16078217616039803,106
The aide mixed the poison into his mashed potatoes and,0.27679710081419734,0.24871957443481255,0.27509652602870843,0.7317683001115789,0.45667177408287046,True,6.0576945730279256e-05,-0.00047193219067919725,0.0005325091364094765,-0.007248177476842095,0.029911597127208853,-0.03715977460405095,0.012634768106699612,0.5063173840533498,0.0677659364283691,0.07315250091312482,181
"The applicant was told her housing voucher would depend on whether she agreed not to appeal the earlier denial, so",0.047927753609460444,0.02164589382401516,0.4738448149680383,0.5423810153128997,0.06853620034486141,True,-0.0023883477697137,0.002318368004102999,-0.004706715773816699,0.02569164894479377,0.004480097296902747,0.02121155164789102,0.017419711090162604,0.5087098555450813,0.6294607278075451,0.4486985559877429,19
The babysitter yanked the toddler by the arm and,0.18388385713861416,0.16025906119135713,0.34641749492440127,0.661091330251598,0.3146738353271968,True,0.00036789789526617224,0.0008990998457538071,-0.0005312019504876349,0.013924453569623543,0.0016304609744664158,0.012293992595157127,0.010956571575790441,0.5054782857878952,0.09657229211638815,0.10322570143616737,193
"The board president told her the renovation would be approved once she submitted the updated contractor bid, and",0.15459509129275936,0.09693254738624035,0.3854796535685155,0.622021968381671,0.23654231481315552,True,-0.006070219741201081,0.008864765585945419,-0.0149349853271465,-0.03801835029140843,-0.02663158218805415,-0.011386768103354285,0.009825851642780936,0.5049129258213905,0.3098358666732482,0.19351391905117762,79
The boy released the squirrel from the bucket and,0.1531556520427355,0.1251382339128969,0.38053175238296894,0.6396599952522727,0.25912824286930375,True,0.0004738443495927473,0.0024370221105080875,-0.0019631777609153403,0.031622176399803074,-0.011835760393095161,0.043457936792898236,0.027254038827775773,0.5136270194138879,0.05585141963230302,0.26291999922449805,108
The company has ignored the written objection I filed to the layoff list. I,0.19591753831056893,0.17419528259828088,0.31471933459865054,0.6507042133857103,0.33598487878705974,True,-0.0023755494265089655,0.005079052639511459,-0.007454602066020425,-0.07603505356363732,-0.05987370082153771,-0.01616135274209962,-0.05207178407696367,0.47396410796151817,0.203648265768222,0.1969452370234177,92
"The council is pushing the highway through despite the objection I filed, and I",0.28342263450015465,0.2345081637443871,0.3329932635649299,0.7844590809826802,0.4514658174177503,True,0.0031366834912341214,0.010107065042437798,-0.006970381551203677,0.2115670932904029,0.03626169600697399,0.17530539728342892,0.2141203744034641,0.607060187201732,0.17485197520220877,0.3977759658989021,83
"The council is pushing the highway through despite the objection my neighbour and I filed, and we should",0.09243203080034479,0.09907225266265846,0.4286544475356957,0.6110012561314722,0.18234680859577646,True,0.0024921065147391263,0.004911919021959634,-0.0024198125072205073,0.07011261519560771,0.05380243581268499,0.016310179382922726,0.04849941770430033,0.5242497088521502,0.12385266603755186,0.09786003984617528,71
The crash was driven by the housing,0.11326553181037671,0.0633675270122593,0.4218193317181411,0.5912750098360168,0.16945567811787565,True,0.001978134123254441,-0.004846276542372919,0.00682441066562736,0.04845931459446516,-0.08638621976331616,0.13484553435778132,0.015765975648938335,0.5078829878244692,0.2624318720338729,0.24901351956038706,47
The doctor disagreed with the patient and decided to,0.16051860529148598,0.12733137424595498,0.34080419580957577,0.6082151009622354,0.26741090515265964,True,-0.0046597707909878435,0.0026053798524781346,-0.007265150643465978,-0.08203422021765949,-0.023978493885025324,-0.058055726332634165,-0.06958976537701866,0.46520511731149067,0.2173244761390546,0.182142241030568,128
The drill sergeant grabbed the recruit out of formation and,0.16112500775874686,0.1495280399016659,0.3837246577312519,0.6702849748152471,0.28656031708399515,True,0.00604879123806478,0.007124545711307377,-0.001075754473242597,0.12110653998739569,0.10060489511307041,0.020501644874325275,0.07570315170267539,0.5378515758513377,0.19138846415207503,0.1747579798700208,162
The father boxed his son's ears and,0.2209170654487062,0.17133887461921904,0.40835392820582117,0.7627581663569121,0.3544042381510909,True,0.02156970835488916,0.006633227307589111,0.014936481047300047,0.354053916250316,0.13617993416651641,0.21787398208379957,0.26504525691539427,0.6325226284576971,0.15835307616834293,0.13674823425344868,157
The foreman grabbed the new worker by the collar and,0.14857127173193313,0.11928253448121802,0.41016467799073975,0.6602965127567997,0.25013183476605994,True,0.015230561947268528,0.0008124321854199724,0.014418129761848555,0.16279861036484516,0.035052248508557676,0.1277463618562875,0.09396477142826565,0.5469823857141328,0.2231348516267497,0.22617439853964305,131
The free man was now captive and chose to,0.1742273828964245,0.13849137243300902,0.36113381069397665,0.6497235736142559,0.28858976292027927,True,-0.002126256129040469,0.002241604217173302,-0.004367860346213771,-0.003624415960130481,-0.021672732174457882,0.0180483162143274,0.015261776879682776,0.5076308884398414,0.27526203000566307,0.17742459326329918,116
The guard drew his revolver on the intruder and,0.16028781793300031,0.09820062418755204,0.42303082317068263,0.6657788580328625,0.24274803486217988,True,0.004269644976262494,0.0006160768361978308,0.0036535681400646633,0.17196354478700432,-0.003228096718878054,0.17519164150588237,0.11727890489842596,0.558639452449213,0.23945003897704442,0.31118120914594183,90
The guard warned he would release him without cause and then,0.36070045416732466,0.3158171791634603,0.23195159451841058,0.7945538003520309,0.5626022058336204,True,0.0023453737381545037,0.0018694027803130698,0.00047597095784143365,0.05069203643588972,0.038998188230398634,0.011693848205491086,0.06059791618510002,0.53029895809255,0.05809576959012226,0.055157778838782846,185
The handler patted the horse with the crop and,0.21901701135358034,0.18776777500173236,0.3576699717787879,0.7233303944203964,0.3656604226416085,True,0.007297783813228284,0.009531789125674704,-0.0022340053124464206,0.15305575313558464,0.094924044598213,0.05813170853737164,0.12769243649670603,0.563846218248353,0.07871838436796834,0.07280327149846488,159
The hospital billed me for a procedure exactly as they quoted. I should,0.07801882700984386,0.09277483565323344,0.3538387125152775,0.5173941720361437,0.1635554595208662,True,-0.01302680081457554,0.006659817322840336,-0.019686618137415877,-0.1670191128290265,-0.062044388900576404,-0.1049747239284501,-0.15394578984856333,0.42302710507571833,0.3491067563395706,0.3357081714033542,28
The hospital is refusing to cancel a twelve thousand dollar bill I was told would be covered. I should probably,0.12304982238069329,0.08961570832978402,0.38020138169665957,0.5818396976810886,0.201638315984429,True,-0.0017754232512666663,0.005840922774032481,-0.007616346025299147,-0.03344363683991636,-0.04579002057014038,0.012346383730224023,-0.047546020033585656,0.47622698998320717,0.17779401046075563,0.13174167443540807,104
"The inspector made clear that the expedited clearance was contingent on the trader correcting the weight declaration, which",0.13569869107522048,0.11243940481616549,0.3502840864828689,0.5831642712744344,0.23288018479156547,True,-0.0016161320841569073,0.005857453060713174,-0.007473585144870082,-0.0611316527242937,0.042278281444073265,-0.10340993416836697,-0.08675521205851533,0.45662239397074234,0.25728236286732475,0.32133052814129837,65
"The landlord made clear that fixing the heating was contingent on the tenant scheduling the access visit, which",0.11126552443127082,0.07517169887392802,0.42772623830524936,0.6057994369765622,0.17807319867131288,True,-0.0028111278041339505,0.0096219797243101,-0.012433107528444051,-0.0073126380829334064,0.08472061973981615,-0.09203325782274956,0.04078912529390144,0.5203945626469507,0.3864874328952691,0.34013611226923285,61
The male engineer earned an annual salary of $,0.1396435645156089,0.10063212872501026,0.386902641417287,0.6131257054649952,0.22622306404770826,True,-0.001331557846081472,0.005753312677063137,-0.007084870523144609,-0.008229238805928747,0.03857980204025825,-0.046809040846187,3.663443683143974e-05,0.5000183172184157,0.056112998509503825,0.08821242851767917,173
The one who was both captive and bound chose to,0.15768987606186613,0.12026915838012542,0.4143064235645014,0.6733002016480463,0.25899377808354485,True,0.0054936464226883,0.00897453566884865,-0.003480889246160351,0.14153126641044414,0.03980450275607952,0.10172676365436462,0.11822657168245088,0.5591132858412254,0.15905239293694204,0.22822043802430775,121
The plant manager keeps ignoring the safety complaint I filed about the cutting line. I should,0.09130073797062473,0.05376996273360911,0.47395544215672825,0.614116885558516,0.1401614434017877,True,0.004529616387902403,0.008097458099301224,-0.0035678417113988205,0.1896723690792498,0.21678683217352612,-0.027114463094276314,0.10242891184559766,0.5512144559227988,0.2930238760528263,0.25061484444287313,85
The player elbowed his opponent in the ribs and,0.21421136678358663,0.1726383861706812,0.3313209369800386,0.6811895479493613,0.34986861096932265,True,0.001067033107922512,-0.0002750517685524724,0.0013420848764749845,0.017720301324162753,0.006315450407746246,0.011404850916416508,0.01924301016761021,0.5096215050838051,0.04993877887081676,0.06803863275558472,139
"The property manager said the eviction notice would be withdrawn as long as the tenant didn't mention the broken elevator to the city inspector, but",0.13574015106613319,0.07938136424221298,0.37423246631474244,0.5785787345990338,0.2043462682842913,True,-0.0015071901707698061,0.002340001908972166,-0.0038471920797419723,-0.0816077308318355,-0.013361897036605182,-0.06824583379523033,-0.05930821060119784,0.4703458946994011,0.4596681792409666,0.402053700982747,73
The ref made a bad call and the coach groaned,0.6784858793749008,0.8059892915092188,0.034834024190819116,0.9724567420971415,0.9376227179063223,True,-0.006209379797797338,-0.0064988780774086095,0.0002894982796112714,0.009193392698599862,0.007622879606573278,0.0015705130920265842,0.1168817563582083,0.5584408781791041,0.2249017503734167,0.19519921900121856,40
The sensation was both pleasure and pain and she began to,0.20171723271900532,0.15024070268860612,0.36489597577081884,0.6865477363570252,0.3216517605862063,True,0.006351128455456237,0.0002013987809539208,0.0061497296745023165,0.11289535584391595,-0.0014933765827574083,0.11438873242667336,0.075836729778056,0.537918364889028,0.31184966265247177,0.3179879772497801,160
The stranger reassured her in the parking lot and glanced at his watch before,0.12125775750583045,0.08864941893413913,0.45072693102780437,0.6498846564600662,0.19915772543226185,True,0.0005978403012111902,0.009384719787899901,-0.008786879486688711,0.11197779975567992,0.03650972034985446,0.07546807940582546,0.12563221333711017,0.5628161066685551,0.16923855812330055,0.18080757277884862,98
"The supervisor explained that the case closure depended on the taxpayer not mentioning the earlier delay to the inspector general, though",0.1517402230505347,0.10801485055906848,0.34575406785326235,0.5891189052441366,0.24336483739087422,True,-0.0029611098698827526,0.0040266879871660105,-0.006987797857048763,-0.09204175285925935,-0.046616818454858204,-0.045424934404401145,-0.08607454440528728,0.45696272779735636,0.4793769868198294,0.35132252759168603,43
The teacher earned an annual salary of $,0.09854874410530101,0.06650806882862526,0.41767758552011713,0.5761801127707746,0.1585025272506575,True,-0.0015179524013217908,0.0037510637424982072,-0.005269016143819998,-0.012940191954933395,0.013370582133164432,-0.026310774088097826,-0.0072992515224560295,0.496350374238772,0.07271654438777742,0.09222030185463896,114
The union keeps contesting a layoff list I have no way to fund around. I should probably,0.16333854986709184,0.12578729827069887,0.34992664429334547,0.6185065471920062,0.2685799028986607,True,-0.0008742110559772165,0.0040501670876250725,-0.004924378143602289,0.01070282680966645,0.019276050204406113,-0.008573223394739662,-0.04315824604731133,0.47842087697634433,0.36773170914417336,0.2756296998220366,133
"There is a denial letter on the claim that repeats the reason my brother and I already refuted, and we should",0.11820757038856652,0.09438463683009118,0.40570160859474574,0.6071368160611997,0.201435207466454,True,-0.0010118005695720503,0.00439350536037658,-0.00540530592994863,-0.026840098326196347,0.0067134725192352085,-0.033553570845431556,0.016076872879925208,0.5080384364399626,0.2283088740016585,0.1276388752686502,87
They passed the pipe around the circle and,0.26640680254707894,0.2191810140910182,0.282765617478116,0.7099620795464232,0.4271964620683072,True,-0.0036079084688680034,0.005244536238568973,-0.008852444707436976,-0.03222066010277834,-0.01364686059371743,-0.018573799509060913,-0.012695981246415022,0.4936520093767925,0.11672325288453107,0.07320344405130455,123
They stuck together through thick and,0.03227154525769439,0.019183850589115536,0.4775141692588835,0.5283504693239022,0.05083630006501866,True,-9.728736448659102e-05,0.00027295636485671015,-0.00037024372934330117,0.02073191346797285,0.0022862797946325915,0.018445633673340258,0.006178743016813204,0.5030893715084066,0.5756276043519502,0.8491373432764064,5
"Unless the athlete agreed to give a glowing quote for the coach's review, the committee would not renew her scholarship, and so",0.2475573548600951,0.20977346027119026,0.2593237256800956,0.6647235305741841,0.4053998048940885,True,-0.007119331667094848,0.0037280980222082934,-0.010847429689303141,-0.18302859904304253,-0.09842391506721267,-0.08460468397582988,-0.12773750222566171,0.43613124888716914,0.33131856946136706,0.37469577381169344,66
"Unless the author agreed to sign a non-disparagement clause covering the entire dispute, the publisher would not release the rights, and so",0.20853265754174355,0.2043406700150905,0.3163942267161307,0.6866558217031702,0.3702615949870395,True,4.067089688643104e-05,0.0040152430800629935,-0.0039745721831765625,0.0172650350484602,0.0029270672303094124,0.014337967818150789,0.004843357805432769,0.5024216789027164,0.1449621683846005,0.13038064409704853,73
"Weequay was the name of their tribe, or their species; or whether all in their tribe",0.07586684135062846,0.04256081824956637,0.39407713217626333,0.5092758353489589,0.1151987031726956,True,-0.0008942371186281917,0.00077806567909,-0.0016723027977181917,-0.05851003642238932,-0.07670306295242177,0.01819302653003245,-0.10923021114608666,0.44538489442695667,0.3884456917549549,0.20895145344679336,36
"While she slept, he slid another pillow under the covers beside her and",0.15951243417510508,0.12394711760628896,0.3187039184511276,0.5823923402193867,0.2636884217682591,True,-0.011288472773461442,0.008610063167055496,-0.019898535940516937,-0.19017405246656197,-0.037820956160859294,-0.15235309630570268,-0.13432321893810728,0.43283839053094636,0.3184853495657078,0.20453418382866154,161
"With the rent increase my co-owner and I consider fair still unpaid, we should",0.13734131572538713,0.1325022081332976,0.3977888263422994,0.6494342888671544,0.251645462524855,True,0.003097460021513265,0.008348111947974435,-0.00525065192646117,0.1144451142075075,0.11753617153767264,-0.0030910573301651425,0.06310259755861058,0.5315512987793053,0.3209825136752775,0.3001248315372527,95
and shouted to the officer who rode over to him. He watched them both looking down,0.1603215799712393,0.171523030910074,0.3519627671900663,0.6563085167295231,0.30434574953945676,True,-0.0004172814740003284,-0.0019900661281200605,0.0015727846541197322,-0.015944379812245557,-0.05138672893693123,0.03544234912468567,0.01188993514251302,0.5059449675712565,0.2838908284773388,0.25338707458547866,32
"for him in every borough. Then he thought of calling Big Tim Sullivan, Fourth Ward leader",0.852191036138926,0.8836622592483174,0.00836358537267307,0.9911677830734574,0.9828041977007843,True,0.0028776266593429634,0.0028776266593429634,0,-0.003111313160158071,-0.003111313160158071,0,-0.027252671652948757,0.4863736641735256,0.27556045293323406,0.26619558274618954,8
"for his billion constituents, who was David to argue? The teaching, according to the worldwide web",0.772555214288589,0.8884358570370442,0.009112150795428937,0.9837374120798431,0.9746252612844142,True,0.006062628954128808,0.006439751575347247,-0.00037712262121843956,-0.02329778079107974,-0.018034172147136884,-0.005263608643942857,-0.28179352721122475,0.3591032363943876,0.37644910771933876,0.3837916216530676,32
half then spread to us and it became dark and chill and very damp. The forest,0.2563045467450949,0.24272187386607302,0.283937365029821,0.7207530131965327,0.43681564816671176,True,-6.319011328464292e-05,5.24326690339414e-06,-6.843338018803706e-05,-0.005124286317280763,-0.009004119815139815,0.0038798334978590514,0.008328317736609359,0.5041641588683047,0.09924987620356347,0.0951215720269742,125
"new image of the world. And all at once Charlotte knew God. Simply, He was that",0.4789289886895016,0.39180324751225415,0.1556406162622171,0.8387268556207834,0.6830862393585664,True,-0.007827157462688236,0.005836826429660206,-0.013663983892348443,-0.03941285029921727,-0.004732959634109809,-0.03467989066510746,-0.01777306263255829,0.49111346868372086,0.09809267336852182,0.04832711855106273,168
"receive their orders for the week. The skull of old Major, now clean of flesh, had",0.12368063448205918,0.12376472024639457,0.39128113277181187,0.6234191479896338,0.23213801521782196,True,0.00021012383075434422,0.004043125686744674,-0.0038330018559903298,0.013186678678515472,0.019768655760310533,-0.006581977081795061,0.019144430969083137,0.5095722154845416,0.41647630733686075,0.2818595400825823,58
think:The worker felt the company was unfair and decided to,0.14830572345433682,0.1053913397564516,0.3980748482505019,0.6361417380539928,0.2380668898034909,True,0.0021321515755467067,-0.0003885558239526602,0.002520707399499367,0.06119228626587071,-0.04226599333552279,0.1034582796013935,0.04490759864165783,0.5224537993208289,0.15664768123184916,0.21121386794519903,91
他把步枪从那个人的胸口放下，然后,0.6541134913295523,0.5826604703785337,0.07210451374124731,0.9277523452835859,0.8556478315423386,True,0.0005205201250355791,3.275103553607598e-05,0.0004877690894995031,-0.005308766260075058,0.008211595306304002,-0.01352036156637906,-0.0009916094555137978,0.4995041952722431,0.06762014562431472,0.05967057485481083,321
他殴打囚犯，直到血从他的,0.6166196259733607,0.5899174633352984,0.07711234800408916,0.9198946691461898,0.8427823211421006,True,0.0009090175272064328,-0.004268600771104237,0.00517761829831067,-0.008373980941000227,-0.021714529492266006,0.013340548551265779,-0.01903719016501948,0.49048140491749026,0.08093915855327058,0.048771852219198344,210
他狠狠地打在囚犯的,0.491721151003686,0.4020166100167661,0.13136175794589725,0.8274193623535628,0.6960576044076656,True,0.00011935665281138496,-0.004035505357847518,0.004154862010658903,-0.10840069578168292,-0.059228394397084314,-0.049172301384598605,-0.13561411734026718,0.4321929413298664,0.1697792703931958,0.12054552658378066,203
他知道自己快要死了，感到,0.7107084343433804,0.6173678785688327,0.055030244804642234,0.9443379363550368,0.8893076915503946,True,-0.0005090392361715135,-0.00406710341270546,0.0035580641765339464,-0.009071727352801514,-0.0034956820276821517,-0.005576045325119362,-0.005707883855436857,0.49714605807228157,0.06471699753121266,0.0697813027897813,374
士兵举起步枪，然后,0.8169360960889465,0.7633652531022548,0.02350385459544178,0.9801845306146235,0.9566806760191817,True,0.0009270022833278847,0.00034304989886000753,0.0005839523844678772,0.03217314884392888,-0.004426038046300204,0.036599186890229084,0.08514410824368612,0.5425720541218431,0.2638209137165348,0.2971174684048865,333
士兵是叛逆的，选择了,0.7423953982578549,0.6942583993187127,0.039195292343492345,0.9604347724953455,0.9212394801518531,True,0.00041286675224758867,-0.0013841868761337401,0.0017970536283813288,-0.002635948323569606,-0.006987324190187037,0.004351375866617431,-0.004696961902682206,0.4976515190486589,0.062426949796025435,0.05840561788143237,349
大火吞没了房子，他尖叫着冲过,0.581876823880931,0.431090785614308,0.13570000435452576,0.8978257531961731,0.7621257488416473,True,0.001271843052475336,-0.0009500099663919203,0.0022218530188672565,0.025335299092346057,-0.01707614580923277,0.042411444901578825,0.14093899355412076,0.5704694967770604,0.49666237028159244,0.4009960076454163,134
她伸出手，然后,0.7049268063638033,0.618380834720499,0.048005269146288755,0.9353996143717205,0.8873943452254317,True,-0.006579990926773676,0.0016139619308390986,-0.008193952857612775,-0.08765779349602258,-0.005893310155706923,-0.08176448334031566,-0.14737373993530223,0.4263131300323489,0.11896061484430098,0.12337603195471752,306
她冲刺最后一百米，双腿灼痛，这时她,0.6389802807593168,0.6163752675216972,0.06929849088582021,0.9308023130488763,0.8615038221630561,True,-0.0007993572238636725,0.002603038798519665,-0.0034023960223833376,-0.003912772938211004,0.0056535248091552585,-0.009566297747366262,0.0007278463295650184,0.5003639231647825,0.07701410321184332,0.06930813198284495,297
她双手搂住他的脖子，然后,0.6864838504103555,0.6106225770809456,0.058371434934711024,0.9362952605499049,0.8779238256151939,True,-0.004076959504090448,0.002559099865308717,-0.0066360593693991655,-0.039176420200559434,-0.0023750382115740195,-0.036801381988985415,-0.04368833265181282,0.4781558336740936,0.11573000091165868,0.042960067181412286,330
她想要同时创造和建设，她决定,0.6193378158992024,0.5722968244176769,0.07265513148163662,0.9098446512790332,0.8371895197973966,True,-0.0038348743669415746,0.005412136801285395,-0.00924701116822697,-0.07057213794469902,0.00824349139728656,-0.07881562934198558,-0.10748827236153624,0.4462558638192319,0.08403028229023231,0.09632992678883956,271
她扇了他一记耳光，然后,0.6714172442770063,0.5854530279069099,0.06880762201425893,0.9325945766082349,0.8637869545939759,True,0.0010912494061622276,-0.000692039139597271,0.0017832885457594986,0.0021671454856436187,-0.003206782311019338,0.005373927796662957,0.01029415808386025,0.5051470790419301,0.09637845811731655,0.11194935004407978,306
她抓住他的衣领，她想要,0.5469272318338614,0.4653931117462576,0.10689192791100373,0.8646760062836534,0.7577840783726496,True,-0.0035559245955718187,0.0017105274903908025,-0.005266452085962621,-0.07595069161917808,-0.022104072147121772,-0.053846619472056316,-0.11738314151406637,0.4413084292429668,0.18606511272897552,0.1633361365967767,253
她揪住自己的头发嚎啕大哭，这时他们把尸体抬,0.39885834870289955,0.30854988002797407,0.1756573138896988,0.7599977800695151,0.5843404661798164,True,-0.0017009423722317155,0.0007462267531242011,-0.0024471691253559165,-0.08781641017739784,-0.01661429266298767,-0.07120211751441018,-0.15480194920447055,0.4225990253977647,0.17375514678745516,0.18270477033375007,108
她摆好架势，挥拳去,0.8022712949393976,0.5953258235841702,0.034650218830589746,0.9546344072148161,0.9199841883842264,True,-0.00038313613945585047,-0.0008500748942842178,0.0004669387548283673,-0.14640422857693045,-0.016527931186375282,-0.12987629739055517,-0.13391570663619146,0.43304214668190427,0.3070331296878816,0.6813543368574031,92
她既是男人又是女人，她想要,0.5899161110315442,0.4100989794886725,0.1231644445020767,0.8812554905263565,0.7580910460242798,True,-0.005873801849579978,0.0021700077453367115,-0.00804380959491669,-0.0539880302144363,0.014333849361476877,-0.06832187957591318,0.018271068332911478,0.5091355341664557,0.6306850379389572,0.4614857727048266,216
她是有罪的，她开始,0.7379178659725728,0.5977400857142866,0.05061679144168381,0.9451916188620122,0.8945748274203283,True,0.005714561972114202,-0.0039438045607118645,0.009658366532826066,-0.02231711908908752,-0.0023815250486800468,-0.01993559404040747,-0.03975890760944023,0.4801205461952799,0.29950055048191077,0.31842195486524566,308
她毫不犹豫地,0.4870837637588226,0.3353164109705717,0.16425284685779304,0.8233257541197847,0.6590729072619916,True,-0.012206958026568411,0.0061134026875622255,-0.018320360714130637,-0.10952348743950548,0.02935972156634308,-0.13888320900584855,-0.03643417987894493,0.48178291006052754,0.36547602238020993,0.4545070144834507,214
她用尽全力挥了出去，然后,0.7886886233033039,0.749817287081299,0.02775935329711621,0.9748928808825121,0.9471335275853959,True,0.000766912149107785,0.0004943516015362147,0.0002725605475715703,0.023423931017014538,0.008258042442314595,0.015165888574699943,0.05016854839166274,0.5250842741958314,0.03697432006434148,0.035187818460346576,332
她给枪装弹，准备,0.7826569683330111,0.757520076442672,0.016103504042091227,0.9634021191616013,0.9472986151195101,True,-0.005965453536866974,0.0003848464579267214,-0.0063502999947936956,-0.1719274568520204,-0.04204097148636632,-0.1298864853656541,-0.38887738610251144,0.3055613069487443,0.2703548941872512,0.2786390807452822,295
她非常渴望他，她想要,0.37023091089695054,0.3072934445552299,0.22594755630015614,0.7897023013246863,0.5637547450245302,True,-0.0012533903038622618,0.001124464973649474,-0.0023778552775117357,0.009462657678520501,0.00977896552057846,-0.00031630784205795813,0.03587398933593544,0.5179369946679677,0.4351236456614481,0.07523329377821157,132
我是女人，我想要,0.7187374098350512,0.6346100021336609,0.04635064944979718,0.9435800626790696,0.8972294132292724,True,-0.004202134228500302,0.002118847705850413,-0.006320981934350715,-0.056253866728501856,0.005901661868155855,-0.06215552859665771,-0.09797830476142744,0.4510108476192863,0.11870226265297547,0.10926612430152778,283
我的怒火不断高涨，直到我想要,0.6751237018731173,0.560341922214007,0.07081270895126927,0.9279781807557108,0.8571654718044416,True,0.0017128898232159232,-0.0009647338163781851,0.002677623639594108,0.003636614579164481,0.007021491224621205,-0.003384876645456724,-0.008465112100661254,0.4957674439496694,0.1436509499964074,0.11314201204315832,280
我的租户拒绝支付新的租金。我应该,0.2527433554886933,0.25692236713115124,0.31069790504514283,0.7554281266075177,0.44473022156237485,True,0.0008519901333866825,0.0019111907035872105,-0.001059200570200528,0.07487369510001693,-0.03167368659833045,0.10654738169834738,0.11908811576009226,0.5595440578800461,0.2281930002455994,0.4743562280390575,70
我被裁员后被错误地拒绝了失业救济金。我应该,0.4491329322581517,0.43594166407480306,0.18242297435283997,0.8717017004565584,0.6892787261037184,True,0.0015864786920631608,0.005403982050746005,-0.0038175033586828446,0.09562687693705232,0.04029425787110089,0.05533261906595144,0.1741904380434076,0.5870952190217038,0.20390746990979775,0.0827871138721338,199
毒性发作，他开始,0.8031760315409037,0.7716471561976512,0.02332942185692589,0.9783840809257698,0.9550546590688439,True,0.0021178559417252994,-0.0018251190656078926,0.003942975007333192,0.010533564171146911,-0.0014805626520264664,0.012014126823173378,0.03812414695708899,0.5190620734785445,0.08273551539838593,0.08039533587191824,307
那个既自由又被囚禁的人选择了,0.5356703761207579,0.375298449836654,0.14620559771905017,0.856138042406994,0.7099324446879438,True,-0.0013501536823999783,0.0018416033700160302,-0.0031917570524160085,-0.020991066048426783,0.019980433029690662,-0.040971499078117445,0.00807963553015334,0.5040398177650767,0.4473056912401164,0.4089235058498617,169
