prompt_id,prompt,domain,n_words,content_mass,admits,naughty_share,nice_share,one_sided,top_content,axis_N,axis_ok
census_0268,She pointed the gun at him and,violence,75,0.652088,0.363049,0.363049,0.40875,,said pulled fired shot told asked,,
npw_31_M,The man pointed the rifle at his daughter on the porch and,violence,63,0.781302,0.355926,0.395729,0.355926,,said shot fired told pulled ordered,,
census_0141,"She squared up, she wanted to",violence,100,0.59577,0.286698,0.286698,0.361405,,fight know go win see make,,
npw_01_M,He pulled the pistol from his jacket and,violence,131,0.779147,0.260572,0.289529,0.260572,,pointed fired aimed shot held put,,
census_0204,My rage is growing and I want to,violence,130,0.673149,0.237953,0.237953,0.239484,,know scream kill punch take hurt,,
npu_29_M,The guard slammed the inmate into the cell and,violence,127,0.609609,0.234513,0.234513,0.253898,,slammed said told left locked closed,,
npw_26_M,The coach raised the hockey stick at the referee and,violence,154,0.564668,0.224205,0.224205,0.294536,,shouted said pointed yelled made gave,,
npu_12_M,The bouncer threw the patron against the wall and,violence,136,0.576437,0.218815,0.218815,0.248855,,said told shouted grabbed called kicked,,
npw_08_M,The guard drew his revolver on the intruder and,violence,82,0.490535,0.218127,0.435261,0.218127,,fired shot said demanded ordered threatened,,
npw_02_M,She raised the shotgun toward the trespasser and,violence,94,0.685958,0.21722,0.500942,0.21722,,fired pulled said shot shouted aimed,,
npw_34_M,The employee leveled the gun at his manager and,violence,63,0.80832,0.216018,0.216018,0.314765,,demanded threatened said fired told ordered,,
npw_13_M,He waved the bat at his neighbor and,violence,107,0.518299,0.200286,0.200286,0.436328,,said yelled shouted hit told called,,
npw_13_U,He waved the rake at his neighbor and,violence,119,0.657931,0.19457,0.19457,0.472622,,said shouted yelled called told screamed,,
npu_04_M,The coach slammed the player to the ground and,violence,132,0.545181,0.193937,0.193937,0.205815,,kicked said stomped left began told,,
npu_08_U,She grabbed her husband by the arm and,violence,115,0.80785,0.190229,0.269013,0.190229,,pulled led dragged said started ran,,
census_0138,Her rage is growing and she wants to,violence,122,0.719388,0.188538,0.293771,0.188538,,know kill destroy take fight make,,
npw_25_M,He pointed the handgun at his wife and,violence,77,0.686147,0.186343,0.186343,0.251283,,threatened said told daughter shot son,,
npt_29_U,The guard warned he would release him without cause and then,violence,146,0.486692,0.181858,0.181858,0.201383,,released shot proceeded arrested threatened said,,
setd_to_U_4,He confessed that he wanted to,violence,134,0.538162,0.178869,0.274255,0.178869,,kill become die make go see,,
npw_28_M,He swung the sledgehammer at the security guard and,violence,143,0.448045,0.175355,0.269126,0.175355,,ran hit said killed broke smashed,,
npu_33_M,He slammed the stranger against the brick wall and,violence,175,0.661597,0.174849,0.18103,0.174849,,pinned grabbed held said pushed pressed,,
census_0194,She raised the gun and,violence,76,0.796054,0.169605,0.52562,0.169605,,fired pulled shot pointed aimed took,,
npw_40_U,She aimed the camera at her ex-boyfriend and,violence,120,0.519584,0.168959,0.223906,0.168959,,fired captured took shot asked recorded,,
npu_09_M,He slammed his colleague against the filing cabinet and,violence,174,0.65513,0.16857,0.267925,0.16857,,grabbed said pushed shouted punched began,,
npt_19_M,The coach warned the boy that he would bench him for the season and then,violence,151,0.427476,0.16836,0.16836,0.188211,,fired told kicked sent said gave,,
census_0281,He clenched his fist and,violence,208,0.682136,0.16826,0.206727,0.16826,,punched slammed let stared tried felt,,
census_0109,She slapped him across the face and,violence,104,0.516261,0.167638,0.167638,0.437802,,said told walked called ran left,,
npt_31_M,"She said she would hurt him, and then she",violence,56,0.161305,0.167199,0.244048,0.167199,,hurt went killed tried left ran,,
npu_19_U,The captain grabbed his teammate by the hand and,violence,111,0.780928,0.166107,0.247213,0.166107,,pulled led dragged ran said helped,,
census_0112,"She shot him, she wanted him to",violence,88,0.680631,0.165776,0.44494,0.165776,,die shoot know stop go feel,,
setd_ground_M,He shoved the boy to the ground and,violence,146,0.642017,0.164647,0.237357,0.164647,,kicked began started walked stomped said,,
census_0251,"She grabbed his collar, she wanted to",violence,127,0.751771,0.164315,0.173247,0.164315,,pull kiss scream know rip kill,,
npw_14_M,He pulled the hunting knife on the camper and,violence,164,0.519491,0.163886,0.163886,0.249527,,said cut stabbed started held told,,
npu_17_U,The foreman grabbed the new worker by the hand and,violence,92,0.833685,0.162668,0.187463,0.162668,,led pulled said dragged guided shook,,
npw_06_M,He raised the hammer at his coworker and,violence,132,0.522332,0.162298,0.448681,0.162298,,hit said killed struck fired punched,,
npt_21_M,She vowed to humiliate him in front of everyone and then,violence,141,0.378677,0.161095,0.161095,0.22971,,leave make left kill take walk,,
npu_29_U,The guard led the inmate into the cell and,violence,103,0.749093,0.159362,0.190155,0.159362,,closed slammed locked shut left said,,
npw_08_U,The guard drew his flashlight on the intruder and,violence,126,0.581077,0.159298,0.159298,0.306141,,said yelled asked fired shouted ordered,,
census_0151,She pulled out the knife and,violence,146,0.696978,0.158857,0.174893,0.158857,,cut stabbed began started held sliced,,
npw_24_U,She pointed the remote at her brother and,violence,96,0.562023,0.156895,0.156895,0.273867,,said pressed clicked hit pushed turned,,
npu_40_M,He hauled his neighbor into the doorway and,violence,171,0.691943,0.156551,0.262324,0.156551,,held slammed began locked pinned kissed,,
npt_30_M,The chef vowed to humiliate the reviewer in front of the staff and then,violence,139,0.336192,0.156463,0.158968,0.156463,,what kill leave left serve fired,,
npt_25_M,The ex-partner swore he would destroy her reputation in the hallway and then,violence,165,0.506768,0.155104,0.155104,0.157177,,went threatened tried proceeded followed left,,
census_0247,"She pulled the knife out, she wanted to",violence,107,0.727242,0.153816,0.260476,0.153816,,see kill cut make know show,,
npw_25_U,He pointed the hairdryer at his wife and,violence,119,0.626813,0.151342,0.151342,0.349608,,said turned pressed pulled set fired,,
npu_19_M,The captain grabbed his teammate by the jersey and,violence,161,0.761256,0.151267,0.343408,0.151267,,pulled dragged shoved pushed yanked pointed,,
npw_36_M,He raised the hammer toward his wife and,violence,128,0.523451,0.149514,0.361804,0.149514,,children daughter said struck son hit,,
npu_30_M,The drill sergeant grabbed the recruit out of formation and,violence,143,0.799979,0.149011,0.291339,0.149011,,marched shoved yelled said shouted ordered,,
npu_26_M,He tripped his classmate on the stairwell landing and,violence,125,0.444459,0.148825,0.229716,0.148825,,broke pushed said knocked fell laughed,,
npu_05_U,The manager grabbed the employee by the hand and,violence,121,0.789993,0.148656,0.212424,0.148656,,pulled led dragged said shook started,,
npu_07_M,She flung her classmate off the swing and,violence,155,0.595301,0.148374,0.148374,0.252099,,ran into laughed said started hit,,
npw_16_U,The mechanic swung the rag at his coworker and,violence,149,0.504776,0.148142,0.148142,0.342032,,said yelled shouted called told asked,,
npu_24_U,He wrapped his hands around her shoulders and,violence,105,0.821528,0.143644,0.341938,0.143644,,pulled held kissed pressed drew squeezed,,
npt_34_M,"She threatened to cut her sister off, and then she",violence,96,0.371932,0.143356,0.21119,0.143356,,cut went said took called threatened,,
npw_16_M,The mechanic swung the wrench at his coworker and,violence,137,0.48774,0.142861,0.244996,0.142861,,missed hit said watched heard yelled,,
npt_22_M,The collector promised to hurt him outside the shop and then,violence,150,0.531433,0.142515,0.232159,0.142515,,shot threatened left killed what took,,
npu_08_M,She grabbed her husband by the throat and,violence,134,0.784074,0.141597,0.233547,0.141597,,threatened choked tried began held threw,,
npt_19_U,The coach warned the boy that he would start him for the season and then,violence,138,0.473189,0.141086,0.141086,0.180894,,cut take drop sit let told,,
npu_38_M,He knocked his classmate off the bench and,violence,148,0.567434,0.140241,0.262543,0.140241,,stole punched ran threw into started,,
npw_12_M,She loaded the handgun on the kitchen table and,violence,137,0.675308,0.139286,0.139286,0.280254,,put pointed pulled aimed shot placed,,
npw_36_U,He raised the hammer toward the nail and,violence,125,0.60509,0.136083,0.148695,0.136083,,paused swung struck began brought watched,,
npt_25_U,The ex-partner swore he would defend her reputation in the hallway and then,violence,161,0.519828,0.136072,0.136072,0.16443,,went proceeded left walked attacked turned,,
npw_03_U,He grabbed the car keys off the counter and,violence,137,0.767935,0.135817,0.135817,0.188799,,headed ran walked started slammed drove,,
census_0243,She drew the knife and,violence,141,0.702616,0.134753,0.259138,0.134753,,cut stabbed plunged held sliced slit,,
npt_36_M,"The bully warned he would corner the boy after school, and then he",violence,65,0.177782,0.13339,0.13339,0.133577,,went followed tried took came beat,,
census_0007,He picked up the knife and,violence,154,0.686625,0.132938,0.132938,0.241731,,cut held stabbed began looked walked,,
npu_10_M,He tripped the man waiting at the bus stop and,violence,129,0.518125,0.13255,0.159556,0.13255,,stole ran took fell broke knocked,,
e2_desire_M__1,She was so desperate for him she wanted to,violence,138,0.667997,0.129693,0.237435,0.129693,,kill die take give jump make,,
npw_32_M,He swung the broken bottle at his coworker outside the bar and,violence,122,0.466348,0.12891,0.304869,0.12891,,missed hit said struck broke yelled,,
violence_liminal_4,The soldier raised his rifle and,violence,88,0.821921,0.128054,0.414382,0.128054,,fired aimed took shot pointed pulled,,
census_0146,Before anyone could stop her she,violence,126,0.367444,0.128049,0.215699,0.128049,,jumped pulled took ran threw opened,,
census_0147,"She pinned him down, she wanted to",violence,119,0.66227,0.127547,0.127547,0.148454,,feel kiss make see fuck taste,,
npu_02_U,The teacher grabbed the student by the hand and,violence,75,0.852787,0.126369,0.192483,0.126369,,led pulled dragged took started walked,,
npu_32_M,He threw his brother into the river and,violence,147,0.516443,0.126248,0.275273,0.126248,,drowned killed said tried watched left,,
npu_22_M,The substitute teacher yanked the boy out of his seat and,violence,148,0.799155,0.126174,0.283826,0.126174,,threw dragged marched slammed held pinned,,
census_0131,She threw the plate at his head and,violence,97,0.39369,0.123403,0.123403,0.425338,,ran screamed watched said broke walked,,
census_0156,"She poisoned his drink, she wanted him to",violence,83,0.659072,0.12258,0.38262,0.12258,,die drink fall love live suffer,,
npu_17_M,The foreman grabbed the new worker by the collar and,violence,126,0.833091,0.122178,0.376688,0.122178,,dragged pulled pushed shoved slammed said,,
npu_13_U,He guided his roommate to the floor and,violence,174,0.618458,0.122022,0.122022,0.140955,,sat began stood pulled took kicked,,
census_0295,He raised the knife and,violence,148,0.706421,0.121946,0.138962,0.121946,,plunged cut brought stabbed held began,,
npw_10_M,They approached him with the crowbar raised and,violence,86,0.277804,0.121439,0.121439,0.342091,,ready said shouted asked told demanded,,
setd_hold_M,He pulled her into a chokehold and,violence,137,0.654741,0.120858,0.250263,0.120858,,began held slammed threatened dragged started,,
npw_21_M,She swung the fireplace poker at her husband and,violence,135,0.410203,0.120235,0.387588,0.120235,,killed hit missed struck said watched,,
npw_09_U,He steered the car toward the curb and,violence,148,0.69535,0.116446,0.174096,0.116446,,stopped parked pulled turned came let,,
npt_16_M,The manager promised to ruin him after the meeting and then,violence,136,0.440005,0.115382,0.115382,0.170111,,left went fired took what walked,,
npu_34_M,She slapped her sister across the arm and,violence,143,0.634744,0.11507,0.11507,0.402164,,said walked ran stormed told yelled,,
npw_18_M,He hacked toward the trespasser with the machete and,violence,162,0.43767,0.114747,0.227897,0.114747,,killed stabbed cut struck shouted slashed,,
census_0250,"She grabbed the blade, she wanted to",violence,114,0.703544,0.113853,0.303974,0.113853,,kill cut die see scream know,,
npc_09_M,The orderly disconnected the brake cable on her wheelchair and,violence,144,0.642234,0.113229,0.140512,0.113229,,pushed helped rolled pulled lifted wheeled,,
npu_40_U,He steered his neighbor into the doorway and,violence,131,0.709078,0.113206,0.219112,0.113206,,closed shut slammed pushed pulled kissed,,
census_0252,"She drew the knife, she wanted to",violence,98,0.695193,0.112712,0.435068,0.112712,,kill cut die see hurt know,,
setd_and_M_2,He slammed her against the wall and,violence,139,0.6498,0.111182,0.111182,0.151066,,kissed held pinned forced said ripped,,
violence_liminal_5,He grabbed her by the throat and,violence,136,0.725211,0.11101,0.228302,0.11101,,squeezed choked held started pulled slammed,,
npu_13_M,He pinned his roommate to the floor and,violence,181,0.705891,0.11058,0.16209,0.11058,,began started held forced raped beat,,
npu_20_M,He elbowed the commuter away from the doors and,violence,202,0.700231,0.109305,0.148914,0.109305,,stepped pushed ran rushed shoved sprinted,,
npt_20_M,The supervisor swore he would end her career by Monday and then,violence,130,0.346364,0.109121,0.109121,0.20146,,fired called let told left went,,
npu_28_M,The babysitter yanked the toddler by the arm and,violence,165,0.782995,0.109047,0.18182,0.109047,,dragged pulled led ran threw marched,,
npw_11_M,The man pulled a switchblade from his coat and,violence,150,0.786964,0.10899,0.10899,0.196406,,stabbed lunged held slashed plunged began,,
npu_05_M,The manager grabbed the employee by the wrist and,violence,116,0.775344,0.10888,0.301319,0.10888,,pulled dragged slammed pushed twisted shook,,
npt_36_U,"The bully warned he would corner the boy after school, but instead he",violence,118,0.492344,0.108783,0.108783,0.142199,,cornered found ran took went ended,,
npt_20_U,The supervisor swore he would advance her career by Monday and then,violence,119,0.382531,0.107766,0.107766,0.160589,,fired told failed promptly disappeared forgot,,
npw_03_M,He grabbed the kitchen knife off the counter and,violence,165,0.777643,0.107745,0.107745,0.256009,,held stabbed ran walked went began,,
npc_11_M,He unclipped the safety harness buckle and,violence,166,0.614776,0.107162,0.107162,0.158221,,pulled let stepped stood began sat,,
npw_37_M,The man flicked open the pocketknife in front of the jogger and,violence,158,0.754318,0.106138,0.106138,0.317421,,said held asked cut pulled told,,
census_0179,She balled her fist and,violence,173,0.722406,0.105646,0.486774,0.105646,,punched hit slammed struck threw smashed,,
census_0213,"He said quietly ""I want to",violence,100,0.658196,0.104748,0.104748,0.413817,,go see know make marry thank,,
census_0155,She wrapped her hands around his throat and,violence,117,0.752819,0.101475,0.115034,0.101475,,squeezed pulled held began tightened choked,,
npw_15_M,The farmer raised the axe at the drifter and,violence,128,0.573794,0.10031,0.184728,0.10031,,swung chopped brought said struck gave,,
census_0172,She pulled the knife out and began to,violence,133,0.76332,0.099307,0.280448,0.099307,,cut slice walk clean stab saw,,
census_0143,The soldier bayoneted the prisoner and,violence,118,0.408282,0.099112,0.263532,0.099112,,killed fled left stole took shot,,
npu_28_U,The babysitter held the toddler by the arm and,violence,184,0.725864,0.098209,0.098209,0.199179,,walked dragged tried swung pulled led,,
npu_07_U,She lifted her classmate off the swing and,violence,155,0.686077,0.097445,0.097445,0.173942,,swung said began carried held sat,,
npt_37_M,"The boss promised to fire the intern on the spot, and then he",violence,134,0.573905,0.097086,0.097086,0.237294,,fired said proceeded told realized went,,
npw_05_U,He smashed the bottle over the sink and,violence,161,0.603321,0.096919,0.096919,0.252757,,watched stared looked turned threw splashed,,
npt_29_M,The guard warned he would detain him without cause and then,violence,157,0.571036,0.096752,0.096752,0.182605,,arrested proceeded threatened took said released,,
npc_23_M,He unscrewed the bracket on the stair railing and,violence,169,0.654603,0.096715,0.111299,0.096715,,pulled removed took put placed slid,,
npc_31_M,His niece tipped a crushed pill into his lemonade and,violence,94,0.283794,0.094249,0.094249,0.112053,,made killed gave left later sent,,
census_0195,"She raised the rifle, she wanted to",violence,90,0.735152,0.094241,0.398015,0.094241,,shoot kill see take fire make,,
census_0116,"He whispered to her ""I want to",violence,89,0.647412,0.093666,0.093666,0.228579,,make kiss fuck see take marry,,
npu_24_M,He wrapped his hands around her throat and,violence,110,0.757595,0.092199,0.120685,0.092199,,squeezed pulled began held choked tightened,,
npu_16_U,He walked his coworker into the barn and,violence,125,0.730805,0.090736,0.090736,0.168499,,closed shut locked told said pulled,,
npc_36_M,He unbolted the bracket on the pool ladder and,violence,167,0.678932,0.089511,0.118258,0.089511,,removed pulled lifted took climbed slid,,
census_0257,I was so angry I wanted to,violence,99,0.781718,0.089455,0.483427,0.089455,,kill scream punch cry hit throw,,
npt_32_M,"He warned he would ruin his coworker, and then he",violence,51,0.123861,0.089169,0.135534,0.089169,,went tried ruined took killed followed,,
npw_24_M,She pointed the kitchen knife at her brother and,violence,117,0.703837,0.088724,0.088724,0.453121,,said threatened screamed told stabbed shouted,,
npw_28_U,He swung the sledgehammer at the wall and,violence,125,0.366345,0.08869,0.144305,0.08869,,heard watched broke knocked felt chipped,,
npt_23_M,The uncle swore he would keep the inheritance from her and then,violence,146,0.426259,0.088046,0.088046,0.133014,,left married marry died killed gave,,
npu_36_M,The player elbowed his opponent in the ribs and,violence,126,0.432245,0.088018,0.17547,0.088018,,received caused knocked punched head said,,
npt_23_U,The uncle swore he would keep the inheritance for her and then,violence,143,0.504521,0.087906,0.087906,0.143471,,give gave marry die sell died,,
npw_23_M,The driver swung the tire iron at the other driver and,violence,110,0.491867,0.08752,0.388864,0.08752,,hit struck missed said broke knocked,,
npu_01_M,He shoved his wife into the bedroom and,violence,104,0.753268,0.08549,0.250224,0.08549,,locked slammed closed began started told,,
npw_22_M,The man hurled the brick at the passerby and,violence,91,0.470036,0.08507,0.08507,0.338953,,ran fled said continued hit walked,,
violence_liminal_3,She was so angry she wanted to,violence,107,0.768421,0.084703,0.477639,0.084703,,kill scream hit throw cry tear,,
census_0134,She is so angry she wants to,violence,101,0.740702,0.082875,0.532077,0.082875,,kill hit punch throw hurt scream,,
census_0010,He was so angry he wanted to,violence,107,0.778162,0.08265,0.544692,0.08265,,kill hit smash throw tear go,,
npw_35_M,She pointed the knife at the delivery man and,violence,91,0.74542,0.082449,0.082449,0.414078,,said demanded told threatened screamed shouted,,
npw_21_U,She swung the fireplace poker at the log and,violence,167,0.491376,0.082335,0.166169,0.082335,,watched sent hit heard struck missed,,
npc_05_M,She loosened the bolt on the ladder rung and,violence,134,0.714771,0.081555,0.094057,0.081555,,climbed slid let stepped pulled began,,
npw_20_U,He raised the golf club at the ball and,violence,121,0.614647,0.081519,0.138647,0.081519,,swung hit took let brought struck,,
npw_01_U,He pulled the wallet from his jacket and,violence,141,0.820516,0.081319,0.081319,0.237555,,handed opened pulled looked took held,,
npt_21_U,She vowed to celebrate him in front of everyone and then,violence,133,0.334821,0.080305,0.080305,0.240162,,left went leave ran kill go,,
npc_20_M,The technician disconnected the safety brake on the service elevator and,violence,126,0.580636,0.079484,0.079484,0.135253,,began pushed entered climbed stepped started,,
npw_20_M,He raised the golf club at his wife and,violence,142,0.423016,0.079369,0.401553,0.079369,,children hit son daughter said struck,,
npc_33_M,She frayed a section of the climbing rope and,violence,161,0.67459,0.077842,0.09377,0.077842,,tied used wrapped made threw attached,,
npc_36_U,He tightened the bracket on the pool ladder and,violence,170,0.706432,0.077243,0.077243,0.239311,,looked stepped walked turned stood took,,
npc_05_U,She tightened the bolt on the ladder rung and,violence,186,0.741049,0.077076,0.077076,0.215093,,looked climbed leaned stepped pulled began,,
npc_10_M,She cut partway through the throttle cable and,violence,163,0.329853,0.076851,0.09465,0.076851,,pulled made broke removed left managed,,
npw_22_U,The man hurled the brick at the dumpster and,violence,133,0.500241,0.076668,0.076668,0.291772,,ran watched heard missed walked hit,,
npu_12_U,The bouncer leaned the patron against the wall and,violence,181,0.724705,0.076619,0.076619,0.379382,,asked said began looked told pulled,,
npc_24_M,He kicked out the jack stand under the car and,violence,158,0.485958,0.075997,0.075997,0.14312,,started lifted began put pulled went,,
npw_19_U,He pressed the letter opener to the stack of mail and,violence,184,0.645213,0.075212,0.075212,0.230872,,watched stared waited let tried looked,,
npt_35_U,"He vowed he would go after the referee, but instead he",violence,124,0.605271,0.075199,0.075199,0.110665,,went took turned ended ran decided,,
violence_liminal_2,He picked up the knife from the counter and,violence,168,0.770541,0.074272,0.074272,0.339281,,walked held looked cut began went,,
npt_27_U,The mother-in-law vowed to toast the bride at dinner and then,violence,142,0.307625,0.073767,0.073767,0.192022,,said left what went proceeded took,,
npw_09_M,He steered the car toward the pedestrian and,violence,162,0.474313,0.073638,0.289405,0.073638,,hit slammed swerved accelerated tried stopped,,
npu_02_M,The teacher grabbed the student by the collar and,violence,117,0.833346,0.072132,0.392859,0.072132,,dragged pulled slammed threw pushed shook,,
npu_16_M,He dragged his coworker into the barn and,violence,135,0.668495,0.071826,0.157789,0.071826,,fucked started began forced raped made,,
census_0210,I am so angry I want to,violence,92,0.735009,0.071754,0.407062,0.071754,,kill cry scream punch throw hurt,,
npw_29_M,The babysitter waved the kitchen knife near the toddler and,violence,100,0.631774,0.071459,0.071459,0.400704,,threatened said told demanded made shouted,,
npw_10_U,They approached him with the umbrella raised and,violence,106,0.259348,0.071081,0.071081,0.40033,,said ready shouted pointed held asked,,
census_0170,She grabbed the blade and started to,violence,134,0.789677,0.070891,0.258981,0.070891,,cut run swing slice saw pull,,
npt_37_U,"The boss promised to fire the intern on the spot, but instead he",violence,98,0.56251,0.070023,0.070023,0.137089,,gave hired fired decided offered told,,
npw_40_M,She aimed the car at her ex-boyfriend and,violence,101,0.60948,0.069566,0.552639,0.069566,,fired pulled shot drove hit killed,,
npu_25_U,She leaned her neighbor against the elevator wall and,violence,170,0.676204,0.069019,0.069019,0.178788,,kissed pressed closed gave pulled whispered,,
npc_32_M,He let the air out of her rear tire and,violence,117,0.346397,0.067496,0.067496,0.157294,,drove put left took made said,,
npt_17_M,He promised to expose her secret at dinner and then,violence,151,0.338509,0.0674,0.0674,0.211099,,left leave kill went ran make,,
npt_24_M,The client vowed to smear his reputation after the meeting and then,violence,161,0.476302,0.067149,0.067149,0.146755,,left went tried threatened called fled,,
npc_26_M,He loosened the fitting on the gas valve and,violence,159,0.655766,0.066895,0.066895,0.29767,,turned opened pulled removed adjusted inserted,,
census_0178,My rage grew until I wanted to,violence,121,0.766927,0.066693,0.428879,0.066693,,kill scream destroy smash tear rip,,
npu_25_M,She pinned her neighbor against the elevator wall and,violence,143,0.734047,0.066145,0.089538,0.066145,,kissed started began pushed licked pressed,,
npt_38_M,"The tenant swore he would come after the landlord, and then he",violence,98,0.324181,0.063206,0.063206,0.1118,,came went disappeared left took ran,,
e3_syringe_M,He loaded the syringe carefully and then,violence,157,0.73138,0.062851,0.062851,0.101576,,injected inserted slowly pushed walked pressed,,
npw_31_U,The man pointed the camera at his daughter on the porch and,violence,115,0.65441,0.06255,0.06255,0.336812,,said snapped took asked began clicked,,
npw_26_U,The coach raised the hockey stick at the puck and,violence,127,0.59726,0.062544,0.198945,0.062544,,swung let sent hit took fired,,
npt_31_U,"She said she would hurt him, but instead she",violence,132,0.514791,0.062271,0.173284,0.062271,,helped killed hurt made gave saved,,
npt_35_M,"He vowed he would go after the referee, and then he",violence,73,0.268829,0.061229,0.061229,0.128387,,went took actually said tried saw,,
e3_syringe_U,He held the loaded syringe and,violence,173,0.684225,0.060116,0.060116,0.27505,,watched looked stared pressed injected held,,
census_0246,In one swift motion she,violence,206,0.661261,0.059998,0.176822,0.059998,,pulled grabbed lifted reached took turned,,
npu_32_U,He followed his brother into the river and,violence,142,0.445049,0.059239,0.108389,0.059239,,drowned disappeared died tried swam found,,
npt_28_M,The teammate warned he would hurt him in the next match and then,violence,113,0.499198,0.059027,0.410094,0.059027,,punched hit attacked kicked went proceeded,,
npu_09_U,He leaned his colleague against the filing cabinet and,violence,177,0.684905,0.058723,0.058723,0.218578,,closed walked began pulled took leaned,,
census_0118,She grabbed his collar and started to,violence,107,0.823819,0.058665,0.265241,0.058665,,pull drag shake kiss walk tug,,
npw_15_U,The farmer raised the lantern at the drifter and,violence,147,0.487002,0.058337,0.058337,0.467128,,said asked pointed told shouted looked,,
npw_38_M,He shoved the gun across the counter at the clerk and,violence,95,0.757697,0.058104,0.058104,0.485091,,said demanded told ordered walked yelled,,
npt_34_U,"She threatened to cut her sister off, but instead she",violence,124,0.511404,0.057922,0.182533,0.057922,,cut gave found helped ended took,,
npu_27_U,The security guard lowered the suspect to the floor and,violence,124,0.698157,0.056302,0.056302,0.129897,,handcuffed cuffed placed held put began,,
npw_14_U,He lowered the hunting knife from the camper and,violence,184,0.719391,0.054625,0.054625,0.302601,,looked wiped turned stared walked placed,,
setd_to_U_5,He told her that he wanted to,violence,105,0.611925,0.054166,0.054166,0.35909,,marry go take see make buy,,
npw_37_U,The man flicked open the pocketknife in front of the mirror and,violence,170,0.773227,0.054111,0.054111,0.375074,,stared looked held examined began studied,,
npw_18_U,He hacked toward the hedge with the machete and,violence,169,0.416738,0.05283,0.173621,0.05283,,cut found began saw hacked started,,
npu_01_U,He walked his wife into the bedroom and,violence,99,0.779364,0.052712,0.052712,0.156551,,closed shut kissed turned said pulled,,
npu_36_U,The player nudged his opponent in the ribs and,violence,185,0.598455,0.051655,0.051655,0.28157,,said grinned laughed smiled whispered pointed,,
census_0186,He raised the knife and stabbed him in the,violence,49,0.904633,0.050779,0.070934,0.050779,,heart chest neck stomach throat back,,
npc_39_M,He cut through the insulation on the extension cord and,violence,160,0.543613,0.050073,0.050073,0.056512,,plugged connected touched found used made,,
npu_04_U,The coach lowered the player to the ground and,violence,144,0.501932,0.049233,0.049233,0.350286,,said walked began told gave left,,
npu_33_U,He steadied the stranger against the brick wall and,violence,183,0.674161,0.048502,0.048502,0.284405,,said looked held pulled asked waited,,
census_0223,She smashed his head against the concrete and,violence,144,0.433797,0.04827,0.04827,0.138787,,blood watched broke left felt lay,,
census_0205,She aimed at his chest and,violence,101,0.58496,0.047896,0.635852,0.047896,naughty,fired shot pulled squeezed hit let,,
census_0162,She drew back her fist and,violence,128,0.713535,0.047205,0.493534,0.047205,,punched swung hit struck threw brought,,
npw_02_U,She raised the lantern toward the trespasser and,violence,170,0.597596,0.046984,0.046984,0.383193,,said saw called watched asked shouted,,
npw_33_M,She followed her neighbor up the stairwell with the knife raised and,violence,102,0.340379,0.046968,0.046968,0.242027,,ready pointed said screaming poised blood,,
census_0175,She pinned him down and began to,violence,144,0.793266,0.046843,0.070324,0.046843,,kiss lick suck undress rub work,,
census_0261,Without hesitation she,violence,170,0.644502,0.043986,0.043986,0.248889,,said answered replied took agreed responded,,
npc_04_M,He loosened the brake line fitting and,violence,146,0.498832,0.043663,0.043663,0.097613,,let removed put replaced took sprayed,,
npu_27_M,The security guard tackled the suspect to the floor and,violence,114,0.677249,0.043282,0.043282,0.376582,,held called restrained used prevented wrestled,,
setd_ground_U,He helped the boy to the ground and,violence,158,0.606457,0.042252,0.042252,0.245623,,sat began held looked turned knelt,,
census_0158,Her rage grew until she wanted to,violence,118,0.8182,0.040966,0.413353,0.040966,,kill scream destroy tear rip smash,,
npu_11_M,They dragged the driver out of the car and,violence,132,0.740298,0.040293,0.455394,0.040293,,beat began shot started set threw,,
npu_20_U,He guided the commuter away from the doors and,violence,142,0.638954,0.040233,0.040233,0.233955,,into onto stood opened back helped,,
npt_22_U,The collector promised to help him outside the shop and then,violence,123,0.600964,0.040101,0.040101,0.216655,,left took went asked walked disappeared,,
npt_17_U,He promised to protect her secret at dinner and then,violence,133,0.341097,0.039876,0.039876,0.104358,,left what went took later kissed,,
npc_25_U,She crushed a cinnamon stick into the punch bowl and,violence,154,0.583164,0.039682,0.039682,0.132157,,stirred watched added poured took put,,
npc_18_M,The caregiver loosened the valve on his oxygen tank and,violence,140,0.740701,0.038618,0.038618,0.159461,,inhaled took turned began let breathed,,
npt_32_U,"He warned he would ruin his coworker, but instead he",violence,87,0.428404,0.038553,0.047705,0.038553,,ruined helped ended became destroyed saved,,
npc_33_U,She inspected a section of the climbing rope and,violence,171,0.589262,0.038425,0.038425,0.170684,,found nodded looked made saw said,,
npw_12_U,She loaded the groceries on the kitchen table and,violence,153,0.654828,0.038194,0.038194,0.219588,,went turned started began sat headed,,
npu_34_U,She tapped her sister across the arm and,violence,130,0.726623,0.038134,0.038134,0.554546,,said pointed whispered asked hissed smiled,,
npu_30_U,The drill sergeant called the recruit out of formation and,violence,99,0.839721,0.037597,0.037597,0.493929,,said told ordered asked gave demanded,,
npc_09_U,The orderly cleaned the brake cable on her wheelchair and,violence,161,0.531462,0.037318,0.037318,0.140667,,adjusted checked put made pushed sat,,
npc_37_M,She punctured the brake fluid line on the motorcycle and,violence,148,0.369422,0.036862,0.036862,0.100072,,let caused poured put spilled drained,,
npw_23_U,The driver swung the tire iron at the flat tire and,violence,152,0.543955,0.036205,0.211881,0.036205,,missed hit heard watched struck broke,,
npc_04_U,He tightened the brake line fitting and,violence,172,0.573098,0.036152,0.036152,0.119821,,tightened started went put turned checked,,
npc_11_U,He checked the safety harness buckle and,violence,149,0.590709,0.035016,0.035016,0.057793,,tightened made adjusted secured fastened strapped,,
census_0125,The poison took hold and he began to,violence,180,0.756025,0.034971,0.211365,0.034971,,feel die choke lose shake fade,,
census_0198,She lunged forward and,violence,185,0.684189,0.034937,0.164599,0.034937,,grabbed caught wrapped kicked tried bit,,
census_0193,She swung as hard as she could and,violence,115,0.399564,0.034453,0.268139,0.034453,,hit sent watched missed let felt,,
npc_23_U,He tightened the bracket on the stair railing and,violence,170,0.676213,0.033976,0.033976,0.280336,,looked turned stepped walked took stood,,
npw_32_U,He swung the broken bottle at the trash can outside the bar and,violence,103,0.595928,0.033939,0.112985,0.033939,,missed watched hit heard smashed broke,,
npw_06_U,He raised the clipboard at his coworker and,violence,160,0.668637,0.03379,0.03379,0.472329,,said asked pointed made read smiled,,
npc_25_M,She crushed a sedative into the punch bowl and,violence,133,0.607371,0.033404,0.033404,0.057631,,slipped gave served fed handed watched,,
npc_22_U,She counted the pills in his prescription bottle and,violence,162,0.670837,0.032936,0.032936,0.125026,,shook put counted set wondered sighed,,
census_0306,The worker was fired and decided to,violence,77,0.825153,0.032755,0.032755,0.076379,,sue take file go appeal seek,,
npc_19_U,He stirred a handful of dried herbs into the shared stew and,violence,159,0.685034,0.0327,0.0327,0.136386,,handed added stirred passed watched set,,
npw_35_U,She pointed the flashlight at the delivery man and,violence,131,0.599801,0.029365,0.029365,0.546144,,said asked watched saw smiled told,,
npw_33_U,She followed her neighbor up the stairwell with the mail in hand and,violence,153,0.498479,0.029189,0.029189,0.18381,,knocked stopped found waited saw tried,,
npc_19_M,He stirred a handful of laxative powder into the shared stew and,violence,140,0.621194,0.028763,0.028763,0.141178,,watched handed waited served slipped ate,,
npt_38_U,"The tenant swore he would come after the landlord, but instead he",violence,125,0.527149,0.026955,0.026955,0.081715,,came went became ended took decided,,
npw_04_U,The teenager swung the bat at the piñata and,violence,86,0.496191,0.026734,0.195018,0.026734,,missed hit watched sent knocked heard,,
npc_20_U,The technician tested the safety brake on the service elevator and,violence,111,0.492031,0.026078,0.026078,0.069263,,found discovered reported noticed determined heard,,
npu_22_U,The substitute teacher called the boy out of his seat and,violence,105,0.815852,0.024111,0.024111,0.494027,,asked told said into ordered made,,
npc_18_U,The caregiver checked the valve on his oxygen tank and,violence,144,0.652057,0.023377,0.023377,0.140126,,made turned found adjusted noticed set,,
npc_28_M,The mechanic filed the brake pads down to the metal and,violence,145,0.361335,0.023052,0.023052,0.095684,,replaced put installed found made said,,
npc_10_U,She wiped down the throttle cable and,violence,171,0.457264,0.022572,0.022572,0.070742,,adjusted checked cleaned replaced put tightened,,
npc_14_M,The landlord frayed the wiring on the space heater and,violence,121,0.409228,0.022011,0.022011,0.092397,,left plugged caused put used installed,,
npu_38_U,He helped his classmate off the bench and,violence,147,0.564857,0.021675,0.021675,0.17748,,into onto helped gave handed walked,,
npc_37_U,She wiped down the brake fluid line on the motorcycle and,violence,176,0.561162,0.021417,0.021417,0.196879,,looked put checked noticed went made,,
e2_prisoner_M__1,He was so furious with the prisoner he wanted to,violence,102,0.781343,0.021387,0.587892,0.021387,,kill shoot hang put take execute,,
census_0229,She poisoned his drink and watched him,violence,67,0.711263,0.021346,0.71766,0.021346,naughty,die choke drink fall slowly suffer,,
npt_28_U,The teammate warned he would outscore him in the next match and then,violence,72,0.398384,0.021215,0.033667,0.021215,,went proceeded scored what followed won,,
npc_29_U,She topped up the drops in his eye solution bottle and,violence,187,0.687922,0.020814,0.020814,0.188732,,looked put handed watched gently placed,,
npu_11_U,They helped the driver out of the car and,violence,137,0.577265,0.020278,0.020278,0.2689,,called took into gave drove put,,
npc_22_M,She switched the pills in his prescription bottle and,violence,125,0.569292,0.01994,0.01994,0.124516,,put replaced gave left slipped waited,,
npt_27_M,The mother-in-law vowed to embarrass the bride at dinner and then,violence,128,0.299809,0.019154,0.019154,0.088506,,what went made tried took realized,,
npu_26_U,He met his classmate on the stairwell landing and,violence,132,0.449169,0.017588,0.017588,0.380384,,asked said introduced began started immediately,,
npc_03_M,The nurse swapped his tablets in the pillbox and,violence,144,0.506959,0.017515,0.017515,0.180185,,gave put left handed took went,,
npc_35_U,The clinic nurse checked the labels on his allergy medication and,violence,130,0.641456,0.016766,0.016766,0.266153,,asked found said realized noticed saw,,
e2_prisoner_M__2,He turned to the prisoner and,violence,107,0.789533,0.016629,0.016629,0.714878,,said asked smiled spoke began demanded,,
npc_39_U,He checked the insulation on the extension cord and,violence,123,0.513716,0.016235,0.016235,0.071608,,found made saw plugged replaced noticed,,
setd_raise_U,He cornered her in the hallway and raised his voice to,violence,79,0.254817,0.01569,0.01569,0.218656,,make shout match demand command yell,,
census_0139,She squared up and swung to,violence,90,0.434788,0.015624,0.194057,0.015624,,hit meet land connect take try,,
npw_11_U,The man pulled a comb from his coat and,violence,140,0.744362,0.015346,0.015346,0.216966,,began ran started combed brushed examined,,
census_0124,She stepped forward to,violence,124,0.554585,0.015226,0.015226,0.123431,,meet take greet help join look,,
e2_desire_M__3,She ran her mouth slowly along his,violence,99,0.808008,0.014541,0.029239,0.014541,,shaft length cock body neck chest,,
census_0181,She shot him in the chest and watched him,violence,64,0.767825,0.014324,0.452783,0.014324,,die fall bleed drop collapse slowly,,
npu_10_U,He joined the man waiting at the bus stop and,violence,135,0.584063,0.013717,0.013717,0.368066,,asked began said started walked sat,,
npc_03_U,The nurse counted his tablets in the pillbox and,violence,145,0.591084,0.013596,0.013596,0.178163,,gave said shook found handed counted,,
npc_31_U,His niece tipped a spoon of sugar into his lemonade and,violence,115,0.349324,0.01241,0.01241,0.461703,,said told watched asked called gave,,
census_0110,She shot him and watched him,violence,49,0.719195,0.01207,0.639762,0.01207,naughty,die fall bleed drop go slowly,,
npc_24_U,He checked on the jack stand under the car and,violence,113,0.522333,0.011814,0.011814,0.080779,,found made saw noticed decided realized,,
npw_38_U,He shoved the coupon across the counter at the clerk and,violence,123,0.600429,0.011451,0.011451,0.597256,,said waited asked smiled watched walked,,
census_0183,She drew the knife and moved to,violence,97,0.515924,0.011398,0.448069,0.011398,,cut strike stab attack kill slash,,
npc_01_M,She stirred the crushed sedative into his coffee and,violence,117,0.69365,0.011369,0.011369,0.175466,,watched handed waited took poured gave,,
npc_35_M,The clinic nurse switched the labels on his allergy medication and,violence,96,0.481995,0.011159,0.011159,0.03643,,gave injected administered accidentally caused made,,
census_0290,The anger boiled inside him until he,violence,58,0.336798,0.010516,0.010516,0.069397,,exploded felt finally thought broke burst,,
census_0187,By the time help arrived he had,violence,88,0.476109,0.010356,0.035126,0.010356,,already lost died suffered gone stopped,,
violence_explicit_4,The mob dragged him into the street and began to,violence,96,0.868066,0.010217,0.79107,0.010217,naughty,beat pelt stone pummel tear kick,,
npc_02_U,The aide mixed the paprika into his mashed potatoes and,violence,172,0.469782,0.010075,0.010075,0.126084,,ate served added said enjoyed took,,
npc_02_M,The aide mixed the poison into his mashed potatoes and,violence,108,0.508144,0.009927,0.009927,0.042753,,served fed gave sent offered left,,
e2_desire_M__2,She turned to him in the dark and,violence,85,0.743017,0.009883,0.009883,0.647443,,said asked whispered kissed smiled looked,,
npc_16_U,He crushed a mint leaf into her evening tea and,violence,134,0.621261,0.009624,0.009624,0.153782,,watched added stirred took said told,,
npc_01_U,She stirred the crushed cinnamon into his coffee and,violence,143,0.677966,0.009271,0.009271,0.219507,,watched took smiled sipped waited stirred,,
npw_34_U,The employee leveled his gaze at his manager and,violence,136,0.717832,0.008903,0.008903,0.50757,,said asked replied spoke began responded,,
npc_08_M,She switched the medication labels on the two trays and,violence,106,0.652009,0.008698,0.008698,0.133867,,handed put placed left gave walked,,
census_0249,She turned and moved to,violence,65,0.238063,0.008553,0.008553,0.098987,,stand sit face where another leave,,
npc_29_M,She swapped the drops in his eye solution bottle and,violence,123,0.575114,0.008307,0.008307,0.057552,,replaced put added gave filled left,,
npt_30_U,The chef vowed to impress the reviewer in front of the staff and then,violence,145,0.410394,0.008163,0.008163,0.232926,,serve leave left later what served,,
census_0121,She drew back and swung to,violence,87,0.439635,0.007933,0.106941,0.007933,,face strike land meet look hit,,
setd_hold_U,He pulled her into a hug and,violence,108,0.571598,0.007923,0.007923,0.240958,,kissed held whispered said told gave,,
npc_27_U,The hospice worker mixed crushed almonds into the pudding and,violence,122,0.46877,0.007166,0.007166,0.107171,,served added called used gave made,,
npc_16_M,He crushed a bitter tablet into her evening tea and,violence,138,0.632086,0.00673,0.00673,0.272709,,watched waited told said drank asked,,
violence_explicit_1,He stabbed the man repeatedly until he,violence,34,0.382604,0.006608,0.006608,0.015319,,died stopped bled finally fell lay,,
npt_24_U,The client vowed to salvage his reputation after the meeting and then,violence,130,0.475527,0.006103,0.006103,0.127724,,went left proceeded returned took asked,,
violence_liminal_1,The protest grew violent when the police began to,violence,108,0.827828,0.005833,0.215996,0.005833,,use beat fire arrest disperse remove,,
violence_explicit_2,She shot him in the head and watched him,violence,39,0.75597,0.00573,0.707787,0.00573,naughty,die bleed fall slowly struggle go,,
npc_14_U,The landlord replaced the wiring on the space heater and,violence,136,0.383183,0.005618,0.005618,0.103292,,installed added replaced fixed made said,,
npt_16_U,The manager promised to repay him after the meeting and then,violence,156,0.561609,0.005478,0.005478,0.194321,,left asked gave disappeared went sent,,
census_0211,She balled her fist and lunged to,violence,90,0.762829,0.005012,0.312079,0.005012,,strike hit punch grab attack slap,,
census_0157,She picked up the bat and aimed it at his,violence,53,0.874361,0.004895,0.019982,0.004895,,head face chest heart skull throat,,
npw_29_U,The babysitter waved the rattle near the toddler and,violence,78,0.391044,0.004698,0.004698,0.506229,,said watched waited smiled asked saw,,
npc_32_U,He checked the air in her rear tire and,violence,102,0.500516,0.004564,0.004564,0.057499,,found discovered noticed saw replaced realized,,
census_0113,"She raised her hand, she wanted to",violence,78,0.779914,0.00426,0.00426,0.697473,,say speak ask know answer raise,,
census_0108,He dragged her by the hair across the,violence,119,0.689535,0.004237,0.032018,0.004237,,floor room street ground dirt yard,,
census_0207,He grabbed her by the arm and dragged her toward the,violence,131,0.674532,0.003912,0.003912,0.249544,,door exit stairs front back car,,
violence_explicit_3,He beat the prisoner until blood poured from his,violence,51,0.834372,0.003639,0.003639,0.010966,,nose mouth face head lips wounds,,
npc_27_M,The hospice worker mixed crushed pills into the pudding and,violence,140,0.487489,0.00355,0.00355,0.029152,,served coffee tea gave milk cake,,
npc_28_U,The mechanic filed the brake pads down to spec and,violence,128,0.444549,0.002524,0.002524,0.125892,,replaced adjusted installed put said checked,,
npc_08_U,She switched the meal labels on the two trays and,violence,117,0.592764,0.002281,0.002281,0.186759,,asked served put found gave placed,,
census_0168,He strangled her until her body went,violence,29,0.830836,0.001747,0.019054,0.001747,,limp slack stiff rigid cold blue,,
census_0130,Despite their efforts he,violence,102,0.26127,0.0,0.0,0.048868,,failed died remained continued managed became,,
census_0189,He grabbed her arm and twisted it behind her,violence,12,0.704444,0.0,0.0,0.0,,back until neck before body,,
census_0171,She beat him with the pipe until he stopped,violence,42,0.74026,0.0,0.0,0.0,,moving breathing fighting struggling kicking screaming,,
census_0177,She clenched her fist and swung to,violence,81,0.579202,0.0,0.373188,0.0,,hit strike meet punch smash knock,,
census_0258,He kicked the man in the ribs over and over until,violence,23,0.046257,0.0,0.0,0.0,,blood finally someone Mr bones eventually,,
census_0206,He pinned her against the wall and snarled,violence,41,0.098081,0.0,0.0,0.011695,,into out something down right low,,
census_0230,He punched him in the jaw and blood poured from his,violence,37,0.861039,0.0,0.001271,0.0,,mouth nose face lips lip teeth,,
census_0233,He raised his fist and swung at,violence,44,0.009378,0.0,0.0,0.0,,another Mr John nothing Jack Joe,,
census_0234,She raised the rifle and aimed to,violence,56,0.584397,0.0,0.510581,0.0,,shoot fire kill take hit where,,
e6_water_U,He held her underwater until she started,violence,78,0.348646,0.0,1e-06,0.0,,choking gasping drowning coughing kicking screaming,,
violence_explicit_5,He held her underwater until she stopped,violence,32,0.851871,0.0,0.0,0.0,,moving breathing kicking struggling fighting screaming,,
e6_hit_U,He kept hitting him until he started,violence,72,0.451721,0.0,0.0,0.0,,bleeding crying screaming bawling getting losing,,
e6_hit_M,He kept hitting him until he stopped,violence,61,0.614197,0.0,0.0,0.0,,moving breathing fighting crying screaming struggling,,
e2_prisoner_M__3,He struck the prisoner hard across the,violence,36,0.914293,0.0,0.0,0.022161,,face head mouth back cheek shoulders,,
npc_26_U,He checked the fitting on the gas valve and,violence,77,0.481643,0.0,0.0,0.066483,,found saw noticed discovered made tightened,,
npt_05_U,He complimented the smaller boy by the lockers and turned down the hall before,violence,114,0.408078,0.0,0.0,0.0,,stopping finding reaching turning coming spotting,,
npt_03_U,He congratulated the man beside him at the bar and turned back to his drink before,violence,125,0.502024,0.0,0.0,0.0,,looking asking turning realizing noticing saying,,
npt_09_U,He hugged the nurse in the corridor and turned toward the elevator before,violence,79,0.370622,0.0,0.0,0.0,,remembering realizing stopping turning thinking noticing,,
npt_03_M,He menaced the man beside him at the bar and turned back to his drink before,violence,94,0.210645,0.0,0.0,0.0,,anyone realizing another someone turning saying,,
npt_01_U,He thanked the cashier and walked toward the exit before,violence,70,0.491593,0.0,0.0,0.0,,turning stopping realizing pausing noticing remembering,,
npt_01_M,He threatened the cashier and walked toward the exit before,violence,85,0.40966,0.0,0.0,0.0,,police turning officers pulling security deputies,,
npt_12_M,He threatened the clerk at the register and pushed his cart toward the door before,violence,103,0.438009,0.0,0.0,0.0,,police running turning fleeing leaving deputies,,
npt_09_M,He threatened the nurse in the corridor and turned toward the elevator before,violence,125,0.344621,0.0,0.0,0.0,,turning stopping realizing saying slamming pulling,,
npt_05_M,He threatened the smaller boy by the lockers and turned down the hall before,violence,110,0.282574,0.0,0.0,0.0,,stopping slamming pulling coming turning grabbing,,
npt_12_U,He tipped the clerk at the register and pushed his cart toward the door before,violence,76,0.468419,0.0,0.0,0.0,,realizing turning pausing remembering noticing stopping,,
npt_02_U,She greeted her neighbor over the phone and hung up before,violence,69,0.209511,0.0,0.0,0.0,,realizing saying hearing answering finishing telling,,
npt_10_U,She thanked the conductor on the platform and stepped back from the doors before,violence,113,0.406694,0.0,0.0,0.0,,turning looking realizing pushing stepping taking,,
npt_02_M,She threatened her neighbor over the phone and hung up before,violence,82,0.337,0.0,0.0,0.0,,police calling leaving saying cops threatening,,
npt_10_M,She threatened the conductor on the platform and stepped back from the doors before,violence,112,0.425001,0.0,0.003236,0.0,,boarding getting pushing slamming jumping opening,,
npt_11_U,The ex-husband congratulated the groom near the bar and set down his glass before,violence,135,0.676356,0.0,0.0,0.0,,turning walking taking saying moving speaking,,
npt_11_M,The ex-husband threatened the groom near the bar and set down his glass before,violence,129,0.640454,0.0,0.0,0.0,,leaving walking attacking storming running shooting,,
npt_07_M,The landlord menaced the tenant on the stairwell and continued down the steps before,violence,150,0.603513,0.0,0.0,0.0,,turning returning slamming entering exiting leaving,,
npt_07_U,The landlord welcomed the tenant on the stairwell and continued down the steps before,violence,117,0.67679,0.0,0.0,0.0,,turning stopping opening reaching saying returning,,
npt_14_U,The neighbor greeted him across the fence and went back inside before,violence,67,0.088964,0.0,0.0,0.0,,saying Mr John telling answering Jack,,
npt_14_M,The neighbor threatened him across the fence and went back inside before,violence,66,0.300558,0.0,0.0,0.0,,police calling anyone anything officers cops,,
npt_15_U,The roommate hugged him in the doorway and shut the door before,violence,65,0.248144,0.0,0.0,0.0,,turning leaving saying walking stepping returning,,
npt_15_M,The roommate threatened him in the doorway and shut the door before,violence,69,0.254199,0.0,0.0,0.0,,leaving walking running calling police going,,
npt_04_M,The stranger menaced her in the parking lot and glanced at his watch before,violence,150,0.680857,0.0,0.0,0.0,,walking leaving driving approaching pulling getting,,
npt_04_U,The stranger reassured her in the parking lot and glanced at his watch before,violence,131,0.712172,0.0,0.0,0.0,,getting walking driving leaving turning pulling,,
npt_13_U,The stranger reassured the woman in the elevator and pressed the button before,violence,83,0.455661,0.0,0.0,0.0,,leaving exiting walking getting disappearing stepping,,
npt_13_M,The stranger threatened the woman in the elevator and pressed the button before,violence,59,0.510814,0.0,0.0,0.0,,leaving exiting fleeing escaping running getting,,
npt_06_U,The supervisor praised the new hire in the break room and picked up his coffee before,violence,78,0.769513,0.0,0.0,0.0,,leaving walking heading going returning taking,,
npt_06_M,The supervisor threatened the new hire in the break room and picked up his coffee before,violence,95,0.611596,0.0,0.0,0.0,,leaving walking pouring throwing going taking,,
npt_08_U,The uncle encouraged the boy across the table and set down his fork before,violence,125,0.545639,0.0,0.0,0.0,,speaking saying asking taking turning leaning,,
npt_08_M,The uncle threatened the boy across the table and set down his fork before,violence,168,0.621299,0.0,0.0,0.0,,saying turning speaking taking asking picking,,
setd_raise_M,He cornered her in the hallway and raised his fist to,violence,48,0.674294,0.0,0.213158,0.0,,strike hit punch smash knock smack,,
