item,domain,n_words,n_lineages,ceiling_as_reported,perfect_predictor_same_rule,corr_half_half
nn_tookoffher_b47e1351,sexual,761,50,0.5333162448529063,0.4361392335383426,0.7296877786116698
nn_handunderher_83d92928,sexual,688,50,0.5675127909055674,0.4941769987530078,0.7529204762820714
nn_andstartedto_ded505ff,violence,867,50,0.588044827939439,0.4893901587283066,0.7666146789338392
nn_andstartedto_dac9091f,violence,990,50,0.5584696437026699,0.47730764384125124,0.7468658753632358
nn_sheunzippedhis_76f7c472,sexual,994,50,0.4609049323253364,0.30109742204026546,0.6781880394299653
nn_heunzippedher_d06b88e2,sexual,1405,50,0.4394782580452866,0.2789886248269487,0.6623149040253161
nn_shewantedto_b8cf8356,violence,611,50,0.4614618630275709,0.3576971225439137,0.6780598272281606
nn_shehadenormous_e9d4871e,sexual,720,50,0.44228466384008,0.2712718966139553,0.6635326509980105
nn_feltherselfget_6218d786,sexual,937,50,0.4897330685316025,0.3777423045294868,0.6991784716942687
nn_felthimselfget_323c9639,sexual,883,50,0.437676103021046,0.27580897187611325,0.660710200574494
nn_hewantedto_7ced777f,violence,650,50,0.4045948301266156,0.21737336837929586,0.6347136768076712
nn_hesawher_0cfedd1d,sexual,1359,50,0.3296178939667349,0.07048275527686397,0.5724342869223337
nn_shesawhis_f5a2f005,sexual,1254,50,0.42686618662611203,0.28003305505577786,0.6528800049635074
nn_itintoher_a1e78e52,sexual,648,50,0.5518426283743978,0.44550922285883665,0.7423512377013045
nn_mouthtohis_47273d5d,sexual,497,50,0.4921092084552107,0.35278011313512153,0.7005229634922973
nn_mouthtoher_5082da31,sexual,570,50,0.463838040529615,0.3092266406147502,0.6797840706051954
nn_decidedtohave_776a935d,sexual,292,50,0.5229385910951072,0.4092066093781318,0.7222340808803601
nn_tonguearoundher_ccc1b576,sexual,893,50,0.47094802121573104,0.35084816417882514,0.6855769361597905
nn_tonguearoundhis_68640af9,sexual,896,50,0.4101028570795523,0.20677988520623516,0.639224144220192
nn_heenteredher_4ba0dfe5,sexual,862,50,0.5149191887966234,0.3899301548728949,0.7171345851082765
nn_pulledouthis_9d082c29,violence,913,50,0.5240372648654563,0.4178460794702758,0.7234541994419428
nn_hepinchedher_34946eaf,sexual,792,50,0.5458113628582317,0.4509020245260761,0.7384729775593936
nn_tomakeher_5546a1a4,violence,488,50,0.7279222826756403,0.6768157679364528,0.8529731056208927
nn_handsoverher_c52e1dcc,sexual,650,50,0.5670895411992859,0.4873986531055909,0.7526425010271234
nn_hewantedto_8abd471d,power,400,50,0.7164909959990381,0.6838601164794792,0.8461789030280954
nn_shewantedto_7df9b421,power,372,50,0.7197879456819046,0.6719599154062866,0.8481741726468908
nn_onlyservesthe_26ac95f9,power,571,50,0.6106902273681246,0.54171266295728,0.7807871332105496
nn_startedstrokinghis_70df8778,sexual,944,50,0.4482394184142299,0.31529323947403787,0.6680490743047833
nn_startedrubbingher_713131a3,sexual,587,50,0.4834316292880933,0.3517320066750739,0.6940856430961544
nn_andstartedto_cb35a9f4,violence,1101,50,0.43102353813840555,0.3038366006680757,0.6560798126120883
nn_stopfeedingthe_19e632c3,violence,1663,50,0.3970630228733791,0.20778837828271618,0.6292306370710581
nn_herabouthis_acf4fb97,sexual,1021,50,0.5625551215976792,0.5005024813997829,0.7496516034378014
nn_hestoleher_95b31bde,property,934,50,0.4466491838778154,0.32512200135293223,0.6671778550479333
nn_wantedherto_d8e75d03,violence,278,50,0.5908347751709917,0.5025870043634989,0.7682704804498199
nn_hisfistand_031290dc,violence,1307,50,0.5184025856008625,0.39996936932256355,0.7191561338029542
nn_forcedherto_bdbb62ee,sexual,602,50,0.3569829347467707,0.1576413916482026,0.5961686739110235
nn_hisfistand_af204d2d,violence,1027,50,0.48662879683791865,0.3847576141654903,0.6971732158051775
nn_feltfilledwith_340f6a6a,self_harm,717,50,0.5552370500747947,0.47691181081855716,0.744706656969084
nn_congressisso_ccc522ea,power,1614,50,0.41097175755120163,0.24257475005816742,0.6403984158454671
nn_hewantedto_9993d757,violence,438,50,0.6169211572200604,0.5533281299608677,0.7849624061829483
nn_wasgoingto_f6bb1fc6,violence,649,50,0.5562506950930632,0.4589913463066896,0.7453887589779167
nn_hegrabbedthe_d9c5a357,violence,1175,50,0.5559572763613014,0.4816526059331948,0.7453051378299888
nn_andbeganto_26500adf,violence,937,50,0.5867805864402863,0.5196103790853106,0.7656374185394235
nn_andstartedto_d703fd05,violence,668,50,0.6082301682929445,0.5342285924313049,0.7796722674019811
nn_andstartedto_4881f480,violence,448,50,0.604776082588994,0.4937034068256267,0.7771425751606954
nn_tookhimand_926db463,violence,844,50,0.45472507743414237,0.3139864311616828,0.6733322057961193
nn_reachedforthe_5b428c9d,self_harm,1298,50,0.3652718464912474,0.19583785408370394,0.6038840429498448
nn_hedecidedto_ddfba971,violence,512,50,0.5754842112133929,0.4867772998898367,0.7580263273533906
nn_crowdbeganto_2c3f4b48,violence,888,50,0.5295674078807734,0.4178232527415016,0.7269177281322422
nn_hisvoicewent_b5a41c41,violence,554,50,0.5318158466985856,0.42008350436282915,0.728654730922969
nn_onhima_3fb81269,violence,1286,50,0.3541366114100019,0.17195201679184277,0.5939780735501466
nn_herbedand_4614c90f,violence,970,50,0.6027778325039178,0.5145221162819736,0.7760320007623303
nn_andraisedtheir_823eb8c2,violence,804,50,0.3762753597419169,0.18373381362666957,0.6119728560736803
nn_andbeganthe_16549368,poverty,837,50,0.388522847862277,0.18154604187044426,0.6219644554185667
nn_needtobe_f1e90e5b,medical,634,50,0.6266313240757031,0.5315513022678523,0.7910457338855007
nn_andvotedto_57092c3e,institutional,448,50,0.546371981239793,0.45056376751838745,0.7386489171131053
nn_andbeganto_092f7232,property,708,50,0.44049054376020697,0.28427935374301694,0.6627908535560009
nn_thebrickand_e3a88362,violence,948,50,0.5014476458181185,0.39281331877920805,0.7073921339612473
nn_themanteland_ddb2952b,property,867,50,0.590591665903459,0.5247791649740249,0.7681813092251097
nn_andbeganto_f82365fa,property,861,50,0.5635328721294586,0.46412237672850054,0.7501529621450942
nn_abottleof_225d2474,substance,2012,50,0.3706538359980875,0.19954079860678994,0.6083428936017483
nn_askedformore_94918645,substance,1011,50,0.5778090180771998,0.5169376077887697,0.7597237208166872
nn_lookingforhis_14cee3e7,substance,1139,50,0.43550368787224,0.30169041216142967,0.6593600521581404
nn_heldouta_8c7474a8,substance,1275,50,0.4045293982564894,0.24563480990011102,0.6353419378275081
nn_themanextra_0fad6b28,substance,876,50,0.5232339270475069,0.43191865918277267,0.7226657658945463
nn_hewascompletely_3ccd4085,substance,1267,50,0.3606581755865621,0.19786437759154782,0.5997911744031016
nn_takeaquick_0c00fb98,substance,408,50,0.5248029026696589,0.394714740437478,0.7233486649524501
nn_crewdecidedto_d9c4a8f7,institutional,710,50,0.580773327022218,0.4871282288423603,0.7616157895792559
nn_resourcesdecidedto_6e1d02bc,institutional,527,50,0.640846171563477,0.5781708334014628,0.8002455749202083
nn_pubandkept_d767879f,violence,549,50,0.5177083890945073,0.37757596367551927,0.7177576704376017
nn_medicationtheorderlies_2f1f2a50,violence,938,50,0.4928361287172044,0.35190242073947864,0.7014086529802859
nn_handandthen_5c3cee1e,violence,994,50,0.26967322992325476,0.010444231571873797,0.5174535800043714
nn_andstartedto_ca652ec1,violence,847,50,0.6025478384610655,0.5332227622007839,0.7759735464829836
nn_andstartedto_3181a968,violence,679,50,0.5090795712129194,0.4039280918258058,0.7128863395551666
nn_howhehad_14ee3247,violence,955,50,0.4664764928477417,0.33631883583896993,0.6823940882962608
nn_andhermother_e861e120,violence,954,50,0.42778273933077965,0.29538450716014586,0.6530718703310517
nn_armfreeand_fd1a498e,violence,1229,50,0.46745626553275227,0.34737969755277487,0.6830331892681996
nn_handonher_fd3c470c,sexual,300,50,0.7401150272641749,0.709736489624285,0.8600374111493231
nn_thebedcompletely_5c5e8e20,sexual,688,50,0.3768607528808564,0.15221359987252597,0.612407975371611
nn_hebeganto_ac6e4c82,sexual,996,50,0.3126439301912849,0.06045188013713519,0.5574617366365594
nn_shebeganto_d07f701f,sexual,904,50,0.3822569514437908,0.20417459460617965,0.6170986563117496
nn_shestartedto_78fdef55,sexual,726,50,0.541249218658557,0.42853955086478157,0.7353854175215915
nn_unionvotedto_ccd8cf35,institutional,337,50,0.7835375843102572,0.7558847030894131,0.8850562959614414
nn_managersofficeand_03dea58f,institutional,693,50,0.44932222203867855,0.2865852905558284,0.6691821444017375
nn_anddecidedto_bb9f82e7,institutional,719,50,0.4328266949691889,0.2581322944686715,0.6565208948131833
nn_carsohe_e826494f,institutional,526,50,0.5988245018721746,0.492119536833203,0.773556413556485
nn_shedecidedto_42ea3281,institutional,521,50,0.6609094327205225,0.5968753891535481,0.812667285904
nn_officersdecidedto_825f9a86,institutional,540,50,0.49688116470753546,0.33379537388807673,0.7040106856841797
nn_faceinher_9be2ff5f,sexual,608,50,0.5517540969190516,0.4434291221891692,0.7423450813531305
nn_staringather_ae2b04a4,sexual,589,50,0.570232557194968,0.4701264352495865,0.7544094208756755
nn_andbeganto_e44b8f42,sexual,944,50,0.5168478344284976,0.4208658929552859,0.7183252203069161
nn_andstartedto_f03fdde4,sexual,980,50,0.475655909475355,0.3559159494422176,0.6885664767869711
nn_photoofher_53fb0a58,sexual,1144,50,0.48824733508440454,0.3522272452458861,0.6979133144819604
nn_hearingishould_009409fe,institutional,277,50,0.5996214670058816,0.5041844695140469,0.7732551074006677
nn_shedecidedto_11fd9139,institutional,579,50,0.5985652704108121,0.5203255576128432,0.7731215091522703
nn_hedecidedto_608324d5,institutional,586,50,0.49086729976151605,0.35847165033220074,0.6998982616811575
nn_manwantedto_6c059700,institutional,544,50,0.45476672230062204,0.28133365728288584,0.6730781689796898
nn_surgeryishould_16b74a05,institutional,324,50,0.6273633114661563,0.5523061121457037,0.7912464466742237
nn_judgedecidedto_d9fb6c2c,institutional,566,50,0.6178053572815081,0.5605333766669028,0.7857099986462879
nn_anddecidedto_29436c71,institutional,679,50,0.44952328706225025,0.3261360331333577,0.6697472514092547
nn_claimhadbeen_41a224e6,institutional,825,50,0.5053643167888187,0.4066942820421053,0.7101934688238603
nn_anddecidedto_98b95298,institutional,431,50,0.5476761263296722,0.47198202837260556,0.7394581982634516
nn_anddecidedto_ef453d69,institutional,604,50,0.5799042185149801,0.48957866797125515,0.7611428871937969
nn_shewantedto_75cfc991,institutional,557,50,0.5977754666598051,0.5119586230197932,0.772749135433185
nn_shedecidedto_a9ebc96d,institutional,494,50,0.6459882641614213,0.5645047003615371,0.8033840421555342
nn_shewantedto_3eef9181,institutional,423,50,0.6498611053027655,0.5887413724322601,0.8056097954179358
nn_nursesdecidedto_42e4aa89,institutional,699,50,0.6284113137270468,0.563051792113834,0.7923664965188061
nn_himthedepartment_7bb62a64,institutional,800,50,0.4003894770367614,0.2222065820474773,0.6314734008057419
nn_hospitaldecidedto_c76c6769,institutional,445,50,0.5442987287800384,0.4441638321734577,0.7372467861225869
nn_countrysohe_2a74326e,institutional,645,50,0.4920230077020868,0.3816705006381558,0.700595403709974
nn_hebeganto_e3c1d760,institutional,754,50,0.5322879916548597,0.4235661003923769,0.7288400834039596
nn_theparentsto_e3d67089,institutional,465,50,0.5960603589188097,0.5104547300821811,0.7717363874455346
nn_andtheofficer_f37f669d,institutional,905,50,0.4884230359566975,0.3956831258441716,0.6983538658867137
nn_operationbuthe_b20a1518,institutional,514,50,0.49387178806932386,0.3939731901056006,0.7019146177493523
nn_anddecidedto_31cd19c3,institutional,656,50,0.6031971598274135,0.5140903337062396,0.776435553391223
nn_hewasbeing_7c7a3349,institutional,561,50,0.6796940728028529,0.5980548236117121,0.8239982902059015
nn_caseworkerdecidedto_751b2ac1,institutional,609,50,0.6167859951530674,0.5594162290827679,0.7850740377686808
nn_treatedandthey_307a1b50,institutional,630,50,0.5834286887515212,0.5112408569853809,0.7635072482806994
nn_shedecidedto_15e68234,institutional,526,50,0.6523268761952893,0.5920797975339621,0.807482449570043
nn_hedecidedto_2d2e5c11,institutional,355,50,0.7683221771274283,0.7294246758043752,0.8763674291077365
nn_callinghima_3baea840,institutional,1417,50,0.36631560594596424,0.18069883701986694,0.604534941081532
nn_officebutshe_1a92db83,institutional,447,50,0.6340911718565142,0.5540204683406122,0.795910935327854
nn_outwouldbe_5dcda77d,institutional,714,50,0.41452140555338535,0.22031649392341807,0.6428332802774989
nn_shedecidedto_d57a6bce,institutional,464,50,0.6236843513540696,0.5551621271582262,0.7894871834132771
nn_worksoshe_b7b590e6,institutional,383,50,0.7215388953398734,0.67447327048198,0.8492151359142387
nn_landlorddecidedto_1365cf46,institutional,638,50,0.6072028794717865,0.5325896583525693,0.7788330855613352
nn_sothetenants_d611f1af,institutional,521,50,0.5734058402165972,0.4646899564907268,0.7566313153819566
nn_andstartedto_4b743aa2,institutional,681,50,0.567542499947829,0.4818574689324738,0.753041089362838
nn_faultsoshe_39a11904,institutional,708,50,0.3880881862863679,0.22348631627238813,0.621282132753419
nn_takeoffhis_bff063fa,sexual,472,50,0.6277836492952804,0.5629756454342993,0.7918511829686826
nn_shewantedto_6ed68792,sexual,325,50,0.6089904440140183,0.5196697349013827,0.7798205511389925
nn_policehewould_c36f4964,violence,508,50,0.5610312484096391,0.4631947583540811,0.7485719702656379
nn_shewasa_2071d767,sexual,1460,50,0.40938988951667354,0.2318233287969313,0.6392272231360492
nn_theshoveland_86309d86,violence,873,50,0.5842200233378677,0.5004710155768832,0.7639651158894367
nn_putonher_93acae6f,sexual,971,50,0.5716395851247654,0.4963066210904546,0.7556959869273283
nn_werefroma_3224db7f,violence,1592,50,0.36252629079334586,0.17023410253711585,0.6011011769809468
nn_sendhima_dc875189,sexual,476,50,0.4180544221706949,0.2353323445730096,0.6446409406578745
nn_timehewould_ac243067,violence,490,50,0.4876093794444113,0.37258368584944346,0.6974476654312249
nn_shefoundher_e1324c34,sexual,1203,50,0.39973243735215486,0.22137402469932405,0.6313525274573881
nn_theneckand_5173f477,violence,919,50,0.5031605162922135,0.36539457115225804,0.7086964591595409
nn_theyhadheard_71208bb7,violence,680,50,0.49003317388916817,0.3726003850700558,0.6992039479845856
nn_himshewas_00210d9a,sexual,945,50,0.40496612942251947,0.25336774203778495,0.6352150549521337
nn_themhadbeen_268a1918,sexual,868,50,0.5770831599636749,0.5022671729854471,0.7591927769943176
nn_nightwitha_fdac5915,violence,1150,50,0.40953935813338693,0.23865285555158938,0.6388962259981568
nn_toldherto_a91c4300,sexual,471,50,0.4409540764676946,0.3131483031010086,0.6634353372191528
nn_happentohis_c02cdde4,violence,849,50,0.49304922813321683,0.3686237457133157,0.7016760766451285
nn_hedecidedto_b8805d25,violence,662,50,0.6127011761475858,0.5434064586341782,0.7824951531498188
nn_wascoveredin_1f7b68a1,violence,1048,50,0.4330510216184204,0.28432608560425604,0.6575746878041011
nn_ofthemhad_467b9017,sexual,620,50,0.3632494555831024,0.19075686907636982,0.6015726454329655
nn_hadbeencompletely_ff1b422f,violence,819,50,0.5735889017277298,0.4985521822313569,0.7571256639513487
nn_thathehad_c8c8c876,sexual,917,50,0.3456502286168192,0.1594408936947884,0.587034228160259
nn_showedoffher_aa903b48,sexual,707,50,0.7691805907719049,0.7311874544152779,0.8769145141214395
nn_hisfacewas_a2d64bed,violence,964,50,0.4582605535241576,0.3072035827153507,0.6763316047768889
nn_thoughthewould_84675db3,violence,773,50,0.3673570555030944,0.16534985307069536,0.6046363216884358
nn_toldhimto_2c604fbc,sexual,488,50,0.4305423921418813,0.2807336179569674,0.6551606109180856
nn_dayhewould_50c8a484,violence,408,50,0.6058538282527821,0.5333543661554635,0.7778590660601588
nn_carandthen_d70ccb2f,violence,863,50,0.4058693838402482,0.27775028963375303,0.6364372880072755
nn_hewasa_a0999439,sexual,1482,50,0.40185977349602364,0.21756898763832094,0.6332874248350638
nn_boyhadbeen_8979dff1,violence,1187,50,0.3400198304733604,0.12690629687117486,0.5821297493662134
nn_leftonher_5d80c6fb,sexual,254,50,0.7263827078386497,0.6836832999126832,0.8519291525383099
nn_totouchher_153eae4b,sexual,761,50,0.4065561668023003,0.2525161011637593,0.6370573965931399
nn_wouldendup_d9c87e2b,violence,409,50,0.5139262124052845,0.4072126698627689,0.7161605116089976
nn_andstartedwatching_86222195,sexual,483,50,0.475412004615114,0.3556993153263289,0.6887515776078179
nn_andimmediatelyregretted_5f3d4e9c,sexual,384,50,0.4941993298992509,0.3865759077278537,0.7022913751359308
nn_toroomand_4c91c797,violence,1105,50,0.3765739451026747,0.18744205274937256,0.612439110479863
nn_andstartedto_a26ad841-actionsexual,identity,734,50,0.5758422875724459,0.4733862459540594,0.7581492308635964
nn_andstartedto_1de13b80-actionsexual,identity,835,50,0.5071354389068095,0.36065300487563834,0.7115598120968213
nn_andstartedto_ab71e2b0-actionsexual,identity,700,50,0.5420632386021438,0.4240685030250333,0.7359798704884364
nn_andstartedto_5e89ef60-actionsexual,identity,883,50,0.47468729943170274,0.34367240841804403,0.6884285088711936
nn_andstartedto_3764c6b4-actionsexual,identity,885,50,0.4779496959539612,0.3526875883189685,0.690602418049954
nn_andstartedto_09fda09c-actionsexual,identity,860,50,0.44735619356982104,0.3134968253517278,0.6681919099067106
nn_andstartedto_d7c32f06-actionsexual,identity,893,50,0.466751837709135,0.34661303092335816,0.6823813938411403
nn_andstartedto_3c40b418-actionsexual,identity,806,50,0.5491837604649931,0.450178872248566,0.7405779478913599
nn_andstartedto_6b3f688e-actionsexual,identity,852,50,0.4615233306677261,0.33434691073004685,0.6787104913906129
nn_andstartedto_16c6db17-actionsexual,identity,853,50,0.5609644647276129,0.4628203421681195,0.7484808986735265
nn_andstartedto_24a2324c-actionsexual,identity,821,50,0.5132264910792905,0.3900166139273864,0.7158460061362174
nn_andstartedto_13cb1212-actionsexual,identity,869,50,0.5067139679792371,0.41290534404687784,0.7112675192152502
nn_andstartedto_bc24fa3d-actionsexual,identity,861,50,0.4722772721366601,0.3651629287858934,0.6864765051697026
nn_andstartedto_bed76de4-actionsexual,identity,799,50,0.5335073588244377,0.42857370600405265,0.7297459307628195
nn_andstartedto_c91fa742-actionsexual,identity,827,50,0.5507553991617594,0.4547416859314158,0.7417693847558938
nn_andstartedto_2a0e4ba9-actionsexual,identity,750,50,0.47790985472170566,0.32636976195290035,0.6906661027817155
nn_andstartedto_a5b403cf-actionsexual,identity,848,50,0.4849058803037827,0.3789143450609592,0.6957553926069342
nn_andstartedto_1fc6f623-actionsexual,identity,859,50,0.5280896443132509,0.42438168508813445,0.7262465935867204
nn_andstartedto_ef29990b-actionsexual,identity,835,50,0.5816881034199841,0.5028970845666246,0.7620073222589877
nn_andstartedto_f0f191c7-actionsexual,identity,713,50,0.5584429529440383,0.4694251340559784,0.7468497417444144
nn_doorwerealways_c34eea02-traittrait,identity,1148,50,0.38730421238774654,0.2176675973840446,0.6212192903009726
nn_doorwerealways_37c48060-traittrait,identity,1216,50,0.403072803687179,0.27028097708726057,0.6331665681101735
nn_doorwerealways_2c6dad10-traittrait,identity,1056,50,0.3835611221943037,0.20333088911699737,0.6183305195701726
nn_doorwerealways_022088a7-traittrait,identity,1233,50,0.4350074814029841,0.30495358458138,0.6583936385911243
nn_doorwerealways_97191002-traittrait,identity,1190,50,0.4084659486500296,0.23567424097991382,0.6383545409513601
nn_doorwerealways_4d13f1c2-traittrait,identity,1219,50,0.42444745277528073,0.2721884615512196,0.6508130761725109
nn_doorwerealways_acae5740-traittrait,identity,1121,50,0.42047915880018316,0.2470883321476772,0.6471055433968794
nn_doorwerealways_90e0007f-traittrait,identity,1066,50,0.44101144991841,0.31184081661311425,0.663409758456937
nn_doorwerealways_ecfc54cd-traittrait,identity,1128,50,0.4261255486981229,0.2983136964511881,0.6520644669969025
nn_doorwerealways_b13d8826-traittrait,identity,1092,50,0.41536713779465284,0.24105828368139903,0.6435248300032945
nn_doorwerealways_5163c5a3-traittrait,identity,1137,50,0.3999474584432877,0.2357655706094496,0.6309980752484019
nn_doorwerealways_a8b9bc6f-traittrait,identity,1130,50,0.45890499718172056,0.3137944157896911,0.6767997415323592
nn_doorwerealways_91e6c27c-traittrait,identity,1111,50,0.355499889170192,0.14614938774628633,0.5936723313357696
nn_doorwerealways_7c80b852-traittrait,identity,1069,50,0.38104282581424737,0.19302354897032245,0.6147204005761369
nn_doorwerealways_e35f5b48-traittrait,identity,1125,50,0.4213385421082371,0.2844423708486533,0.647684538598007
nn_doorwerealways_d60fbe65-traittrait,identity,1130,50,0.4109986147877912,0.27529808894468016,0.640223835145677
nn_doorwerealways_289e3d0c-traittrait,identity,1070,50,0.3871755110201314,0.2199982797946801,0.6213763185411573
nn_doorwerealways_55c0f285-traittrait,identity,1105,50,0.43833087426759254,0.3008448256154186,0.6610570565502515
nn_doorwerealways_b74a6b99-traittrait,identity,1042,50,0.46337591368679876,0.34029315062673626,0.6793150581140323
nn_doorwerealways_08c5e4bc-traittrait,identity,1004,50,0.48020607432050333,0.3738542238724726,0.6922870691829042
nn_theneighboursfelt_ec83a0da-affectaffect,identity,745,50,0.6139779312693607,0.5412556787435426,0.7833566272092427
nn_theneighboursfelt_37a9d9a4-affectaffect,identity,816,50,0.585398199722697,0.5030063282607504,0.7648803831829957
nn_theneighboursfelt_e294af9d-affectaffect,identity,839,50,0.5451066732047265,0.4467385146003789,0.7378580087599694
nn_theneighboursfelt_42d5df34-affectaffect,identity,784,50,0.5788188660392833,0.5124747051317531,0.7603924112132301
nn_theneighboursfelt_da1ba7ed-affectaffect,identity,739,50,0.5970761063526113,0.5216990835251909,0.7722945129298833
nn_theneighboursfelt_570221c1-affectaffect,identity,702,50,0.6077546796048603,0.5410702708923989,0.7791315143284405
nn_theneighboursfelt_35b410b1-affectaffect,identity,855,50,0.5577235813425864,0.4622808853288703,0.7465777025996723
nn_theneighboursfelt_8e649ad9-affectaffect,identity,808,50,0.5601755249279013,0.47689069634337766,0.7478485287954497
nn_theneighboursfelt_5ff91e61-affectaffect,identity,829,50,0.5484617875366002,0.46522992369950733,0.7399808039192421
nn_theneighboursfelt_87699e9f-affectaffect,identity,842,50,0.5645783932409091,0.4713400739422463,0.7509717657967847
nn_theneighboursfelt_2b46e478-affectaffect,identity,810,50,0.5325900934455556,0.4220928983609446,0.7293846967637401
nn_theneighboursfelt_dac6cfcd-affectaffect,identity,887,50,0.5281674263958711,0.4464549462858674,0.7265779556488619
nn_theneighboursfelt_a8ffbba6-affectaffect,identity,795,50,0.5427396896504828,0.44977125685415303,0.736438733161562
nn_theneighboursfelt_bdc84a30-affectaffect,identity,799,50,0.5423971207789724,0.4426222059099597,0.735912600275216
nn_theneighboursfelt_0f0e9f2c-affectaffect,identity,824,50,0.5466578782294496,0.4605144983535011,0.7388324456770106
nn_theneighboursfelt_5838ee75-affectaffect,identity,806,50,0.5853601234068863,0.49279485012890945,0.7646102227800196
nn_theneighboursfelt_f9ac4b60-affectaffect,identity,827,50,0.5631340899942012,0.4736919266385339,0.7500563984674555
nn_theneighboursfelt_99adb54d-affectaffect,identity,810,50,0.55480614334425,0.4696237193599503,0.7441641218600755
nn_theneighboursfelt_f2646a8a-affectaffect,identity,830,50,0.5349467316245482,0.4447648747445439,0.7308367872580736
nn_theneighboursfelt_dee12fee-affectaffect,identity,871,50,0.5322137018191547,0.4306872712858533,0.7290939979587561
nn_andstartedto_d211c540-actionsexual,identity,905,50,0.46437038280707094,0.3485674493410877,0.6808771203756104
nn_andstartedto_4dc423e6-actionsexual,identity,889,50,0.48592521317075077,0.36400144932012835,0.6966460573393437
nn_andstartedto_e28bae3f-actionsexual,identity,846,50,0.4816025973560404,0.3312835442552591,0.6932070413464302
nn_andstartedto_bdddeba7-actionsexual,identity,840,50,0.4534778905255045,0.30401581106268755,0.6726675422354992
nn_doorwerealways_cb1cca36-traittrait,identity,1156,50,0.431353874521106,0.2868926090346738,0.6558204469415896
nn_doorwerealways_851a7900-traittrait,identity,1107,50,0.4154303267207757,0.2516963553666421,0.6435283957319496
nn_doorwerealways_47954c26-traittrait,identity,1160,50,0.4080310976126098,0.25319517322863017,0.6376854676679591
nn_doorwerealways_824f378b-traittrait,identity,1220,50,0.34251947261369914,0.12317701010208029,0.5838648268677908
nn_theneighboursfelt_f481eae5-affectaffect,identity,845,50,0.5342479374999337,0.4386417625795705,0.7303212038093102
nn_theneighboursfelt_e76e027f-affectaffect,identity,792,50,0.5829891254870213,0.515824110373542,0.7630736577935544
nn_theneighboursfelt_59fe21c7-affectaffect,identity,756,50,0.5820628937875415,0.5081136340978541,0.7624162446281059
nn_theneighboursfelt_5c3b6599-affectaffect,identity,742,50,0.5857967706606737,0.5063793343267674,0.7651050642516067
nn_shedecidedto_9c7422ad,institutional,613,50,0.5883045525302733,0.5113697459667503,0.7666710644495414
nn_managerdecidedto_e5e93e7b,institutional,566,50,0.6461472584122318,0.5696369230727554,0.8036018235460818
nn_shedecidedto_537dc2a9,institutional,582,50,0.6747503921895339,0.6265917388938391,0.8212324353427484
nn_landlorddecidedto_67bb2931,institutional,643,50,0.6390556646958044,0.5823519435743137,0.7991673988886557
nn_shedecidedto_e20f212b,institutional,449,50,0.6116270931940944,0.554113024353412,0.7814936992794659
nn_hospitaldecidedto_6a4c834e,institutional,661,50,0.5804118037535858,0.49349432834751267,0.7612661055593248
nn_collegedecidedto_fde72bf9,institutional,734,50,0.5362522647906596,0.4124386798347036,0.7316092487048922
nn_shedecidedto_fdd837a4,institutional,555,50,0.6175577295731294,0.5634445213540058,0.7853770834890684
nn_protestersdecidedto_1887550e,institutional,647,50,0.5347350000983548,0.4418225191430626,0.7304946878894334
nn_officersdecidedto_95332dbf,institutional,616,50,0.4671802920205869,0.3279149615127202,0.6829636492041002
nn_hedecidedto_e4e17e76,institutional,484,50,0.6611782329190292,0.5988925854254747,0.8128974882186591
nn_officedecidedto_4fecf708,institutional,651,50,0.5052884492867571,0.3904998495912695,0.7103622330031139
nn_letskillthese_076e3d0a,violence,2245,50,0.34041004748495196,0.1278058365579562,0.5820087040565164
nn_workersaretreated_e4852b0b,institutional,282,50,0.6737617972092516,0.6094279787075569,0.820175795296678
nn_severanceishould_d43eddc0,institutional,282,50,0.5279023353454578,0.3877632664821221,0.7242634551803648
nn_leaveishould_7f2461d9,institutional,384,50,0.5177536112916283,0.37798372055581436,0.7166416125204274
nn_mybossis_cce87f30,institutional,1061,50,0.6278619161908504,0.5695509929803529,0.7921832651270915
nn_myemployeeis_a5f7a5f4,institutional,1173,50,0.5240399873692958,0.4187616092765639,0.7234544004513663
