item,domain,n_lineages,fit_lineages,r2,n_draws
nn_handunderher_83d92928,sexual,20,1,-2.2619970677595984,60
nn_handunderher_83d92928,sexual,20,2,-0.9091603220183639,60
nn_handunderher_83d92928,sexual,20,4,-0.2602875489737411,60
nn_handunderher_83d92928,sexual,20,8,0.054551893522102386,60
nn_handunderher_83d92928,sexual,20,12,0.16481036418524547,60
nn_handunderher_83d92928,sexual,20,16,0.2144091408152299,60
nn_andstartedto_ded505ff,violence,20,1,-2.042908742374576,60
nn_andstartedto_ded505ff,violence,20,2,-0.8477792666863225,60
nn_andstartedto_ded505ff,violence,20,4,-0.27406777149813577,60
nn_andstartedto_ded505ff,violence,20,8,0.014400844644644643,60
nn_andstartedto_ded505ff,violence,20,12,0.11867739037855156,60
nn_andstartedto_ded505ff,violence,20,16,0.1839977827092274,60
nn_andstartedto_dac9091f,violence,20,1,-2.4333650847457284,60
nn_andstartedto_dac9091f,violence,20,2,-1.0542657839292906,60
nn_andstartedto_dac9091f,violence,20,4,-0.35835208994580564,60
nn_andstartedto_dac9091f,violence,20,8,-0.027003734052537795,60
nn_andstartedto_dac9091f,violence,20,12,0.07806607128847332,60
nn_andstartedto_dac9091f,violence,20,16,0.14854454254061375,60
nn_sheunzippedhis_76f7c472,sexual,20,1,-3.169359629127199,60
nn_sheunzippedhis_76f7c472,sexual,20,2,-1.3179159940443304,60
nn_sheunzippedhis_76f7c472,sexual,20,4,-0.4890190987384495,60
nn_sheunzippedhis_76f7c472,sexual,20,8,-0.11053013271101288,60
nn_sheunzippedhis_76f7c472,sexual,20,12,0.014355490808959289,60
nn_sheunzippedhis_76f7c472,sexual,20,16,0.0847646538156714,60
nn_heunzippedher_d06b88e2,sexual,20,1,-2.8768300004751732,60
nn_heunzippedher_d06b88e2,sexual,20,2,-1.2784633048879477,60
nn_heunzippedher_d06b88e2,sexual,20,4,-0.5126545189642416,60
nn_heunzippedher_d06b88e2,sexual,20,8,-0.13480484294062509,60
nn_heunzippedher_d06b88e2,sexual,20,12,-0.009190158297178445,60
nn_heunzippedher_d06b88e2,sexual,20,16,0.05210758920540466,60
nn_shewantedto_b8cf8356,violence,20,1,-3.049271332337671,60
nn_shewantedto_b8cf8356,violence,20,2,-1.4544404164204938,60
nn_shewantedto_b8cf8356,violence,20,4,-0.6311035362141741,60
nn_shewantedto_b8cf8356,violence,20,8,-0.22169231861215233,60
nn_shewantedto_b8cf8356,violence,20,12,-0.08005580621911985,60
nn_shewantedto_b8cf8356,violence,20,16,-0.014819076681294183,60
nn_shehadenormous_e9d4871e,sexual,20,1,-2.837361630630204,60
nn_shehadenormous_e9d4871e,sexual,20,2,-1.3737443316037146,60
nn_shehadenormous_e9d4871e,sexual,20,4,-0.5572199155965958,60
nn_shehadenormous_e9d4871e,sexual,20,8,-0.15859827477416372,60
nn_shehadenormous_e9d4871e,sexual,20,12,-0.019194147195729563,60
nn_shehadenormous_e9d4871e,sexual,20,16,0.051598392451128385,60
nn_feltherselfget_6218d786,sexual,20,1,-2.4992211375728512,60
nn_feltherselfget_6218d786,sexual,20,2,-1.217569436582905,60
nn_feltherselfget_6218d786,sexual,20,4,-0.47139885758188366,60
nn_feltherselfget_6218d786,sexual,20,8,-0.11067264108677859,60
nn_feltherselfget_6218d786,sexual,20,12,0.019393211254990897,60
nn_feltherselfget_6218d786,sexual,20,16,0.07947277216122697,60
nn_felthimselfget_323c9639,sexual,20,1,-2.930740539479625,60
nn_felthimselfget_323c9639,sexual,20,2,-1.3196492969362652,60
nn_felthimselfget_323c9639,sexual,20,4,-0.5742659170961093,60
nn_felthimselfget_323c9639,sexual,20,8,-0.14584550062255802,60
nn_felthimselfget_323c9639,sexual,20,12,-0.002304643891126225,60
nn_felthimselfget_323c9639,sexual,20,16,0.06286013785220815,60
nn_hewantedto_7ced777f,violence,20,1,-2.94323046775242,60
nn_hewantedto_7ced777f,violence,20,2,-1.3320713281034808,60
nn_hewantedto_7ced777f,violence,20,4,-0.5573002900574593,60
nn_hewantedto_7ced777f,violence,20,8,-0.1768943980060115,60
nn_hewantedto_7ced777f,violence,20,12,-0.05256438136883808,60
nn_hewantedto_7ced777f,violence,20,16,0.0167669339203841,60
nn_hesawher_0cfedd1d,sexual,20,1,-2.985614086238404,60
nn_hesawher_0cfedd1d,sexual,20,2,-1.3916240062507463,60
nn_hesawher_0cfedd1d,sexual,20,4,-0.5322679001180675,60
nn_hesawher_0cfedd1d,sexual,20,8,-0.17487603326423914,60
nn_hesawher_0cfedd1d,sexual,20,12,-0.046115477143424795,60
nn_hesawher_0cfedd1d,sexual,20,16,0.03457784715509,60
nn_shesawhis_f5a2f005,sexual,20,1,-2.7069430665187095,60
nn_shesawhis_f5a2f005,sexual,20,2,-1.1943803013037428,60
nn_shesawhis_f5a2f005,sexual,20,4,-0.43844043706597247,60
nn_shesawhis_f5a2f005,sexual,20,8,-0.07510378940368986,60
nn_shesawhis_f5a2f005,sexual,20,12,0.05279740046963507,60
nn_shesawhis_f5a2f005,sexual,20,16,0.11474637183551847,60
nn_itintoher_a1e78e52,sexual,20,1,-2.6535968993796675,60
nn_itintoher_a1e78e52,sexual,20,2,-1.0947725768590526,60
nn_itintoher_a1e78e52,sexual,20,4,-0.4150918705595885,60
nn_itintoher_a1e78e52,sexual,20,8,-0.0401145805043561,60
nn_itintoher_a1e78e52,sexual,20,12,0.07605463144530607,60
nn_itintoher_a1e78e52,sexual,20,16,0.12873097998978233,60
nn_mouthtohis_47273d5d,sexual,21,1,-2.9395854680647804,60
nn_mouthtohis_47273d5d,sexual,21,2,-1.2820226536782866,60
nn_mouthtohis_47273d5d,sexual,21,4,-0.5362725080187205,60
nn_mouthtohis_47273d5d,sexual,21,8,-0.16749672478663355,60
nn_mouthtohis_47273d5d,sexual,21,12,-0.0425776101575921,60
nn_mouthtohis_47273d5d,sexual,21,16,0.02523473713222649,60
nn_mouthtoher_5082da31,sexual,20,1,-2.7147353425161938,60
nn_mouthtoher_5082da31,sexual,20,2,-1.3687113691463535,60
nn_mouthtoher_5082da31,sexual,20,4,-0.6369641251204968,60
nn_mouthtoher_5082da31,sexual,20,8,-0.19785375639491384,60
nn_mouthtoher_5082da31,sexual,20,12,-0.05613152185268852,60
nn_mouthtoher_5082da31,sexual,20,16,0.007292276726691195,60
nn_decidedtohave_776a935d,sexual,21,1,-3.445073287010893,60
nn_decidedtohave_776a935d,sexual,21,2,-1.5724627636985717,60
nn_decidedtohave_776a935d,sexual,21,4,-0.7029847740590017,60
nn_decidedtohave_776a935d,sexual,21,8,-0.2589093809987262,60
nn_decidedtohave_776a935d,sexual,21,12,-0.1130235961999257,60
nn_decidedtohave_776a935d,sexual,21,16,-0.050395408008170536,60
nn_tonguearoundher_ccc1b576,sexual,20,1,-2.555195034959601,60
nn_tonguearoundher_ccc1b576,sexual,20,2,-1.1645787916030104,60
nn_tonguearoundher_ccc1b576,sexual,20,4,-0.4450157127629628,60
nn_tonguearoundher_ccc1b576,sexual,20,8,-0.07405732166995375,60
nn_tonguearoundher_ccc1b576,sexual,20,12,0.04994503127063268,60
nn_tonguearoundher_ccc1b576,sexual,20,16,0.11510144600246124,60
nn_tonguearoundhis_68640af9,sexual,20,1,-2.657728674178992,60
nn_tonguearoundhis_68640af9,sexual,20,2,-1.2875758638554653,60
nn_tonguearoundhis_68640af9,sexual,20,4,-0.49904608201078293,60
nn_tonguearoundhis_68640af9,sexual,20,8,-0.12764157476947727,60
nn_tonguearoundhis_68640af9,sexual,20,12,-0.0035334457205354274,60
nn_tonguearoundhis_68640af9,sexual,20,16,0.06628588030388514,60
nn_heenteredher_4ba0dfe5,sexual,21,1,-2.8832975693514413,60
nn_heenteredher_4ba0dfe5,sexual,21,2,-1.352525888372579,60
nn_heenteredher_4ba0dfe5,sexual,21,4,-0.5368818359890769,60
nn_heenteredher_4ba0dfe5,sexual,21,8,-0.1357389115913982,60
nn_heenteredher_4ba0dfe5,sexual,21,12,-0.008887900360647757,60
nn_heenteredher_4ba0dfe5,sexual,21,16,0.062394124260209266,60
nn_pulledouthis_9d082c29,violence,21,1,-2.765992989620465,60
nn_pulledouthis_9d082c29,violence,21,2,-1.358735826976077,60
nn_pulledouthis_9d082c29,violence,21,4,-0.5439232756624311,60
nn_pulledouthis_9d082c29,violence,21,8,-0.12927955558032758,60
nn_pulledouthis_9d082c29,violence,21,12,-0.0016466587038796387,60
nn_pulledouthis_9d082c29,violence,21,16,0.07051090332715312,60
nn_hepinchedher_34946eaf,sexual,21,1,-2.3439375649683023,60
nn_hepinchedher_34946eaf,sexual,21,2,-0.9985680673631935,60
nn_hepinchedher_34946eaf,sexual,21,4,-0.3524001300304406,60
nn_hepinchedher_34946eaf,sexual,21,8,-0.00807830117490619,60
nn_hepinchedher_34946eaf,sexual,21,12,0.10943373898616517,60
nn_hepinchedher_34946eaf,sexual,21,16,0.16649945921919435,60
nn_tomakeher_5546a1a4,violence,20,1,-1.9712362580465963,60
nn_tomakeher_5546a1a4,violence,20,2,-0.755392594471049,60
nn_tomakeher_5546a1a4,violence,20,4,-0.14457232045404642,60
nn_tomakeher_5546a1a4,violence,20,8,0.1346941922508077,60
nn_tomakeher_5546a1a4,violence,20,12,0.2157971436731159,60
nn_tomakeher_5546a1a4,violence,20,16,0.2694868126639163,60
nn_handsoverher_c52e1dcc,sexual,20,1,-2.2789560456105464,60
nn_handsoverher_c52e1dcc,sexual,20,2,-0.9835244844845425,60
nn_handsoverher_c52e1dcc,sexual,20,4,-0.33166500784718417,60
nn_handsoverher_c52e1dcc,sexual,20,8,0.002865750424332331,60
nn_handsoverher_c52e1dcc,sexual,20,12,0.12976742906734448,60
nn_handsoverher_c52e1dcc,sexual,20,16,0.18853333480814355,60
nn_hewantedto_8abd471d,power,20,1,-1.534566158920674,60
nn_hewantedto_8abd471d,power,20,2,-0.4807206365385579,60
nn_hewantedto_8abd471d,power,20,4,0.02357644927606205,60
nn_hewantedto_8abd471d,power,20,8,0.2774668562603723,60
nn_hewantedto_8abd471d,power,20,12,0.3576707403614792,60
nn_hewantedto_8abd471d,power,20,16,0.40140484235711305,60
nn_shewantedto_7df9b421,power,20,1,-1.8180089926777023,60
nn_shewantedto_7df9b421,power,20,2,-0.6311942221932676,60
nn_shewantedto_7df9b421,power,20,4,-0.10586226387506652,60
nn_shewantedto_7df9b421,power,20,8,0.16788449996027513,60
nn_shewantedto_7df9b421,power,20,12,0.25921335596134776,60
nn_shewantedto_7df9b421,power,20,16,0.29909312614943134,60
nn_onlyservesthe_26ac95f9,power,20,1,-2.2993240331482143,60
nn_onlyservesthe_26ac95f9,power,20,2,-1.0301436467911878,60
nn_onlyservesthe_26ac95f9,power,20,4,-0.31726102619495006,60
nn_onlyservesthe_26ac95f9,power,20,8,-0.0032005039309546844,60
nn_onlyservesthe_26ac95f9,power,20,12,0.09519562722882191,60
nn_onlyservesthe_26ac95f9,power,20,16,0.15429781025471723,60
nn_startedstrokinghis_70df8778,sexual,20,1,-2.9314342353824077,60
nn_startedstrokinghis_70df8778,sexual,20,2,-1.3725536831883849,60
nn_startedstrokinghis_70df8778,sexual,20,4,-0.6099862446269282,60
nn_startedstrokinghis_70df8778,sexual,20,8,-0.1858343077125674,60
nn_startedstrokinghis_70df8778,sexual,20,12,-0.04151384998075531,60
nn_startedstrokinghis_70df8778,sexual,20,16,0.02065580451077049,60
nn_startedrubbingher_713131a3,sexual,20,1,-2.877044698635611,60
nn_startedrubbingher_713131a3,sexual,20,2,-1.3940317954400363,60
nn_startedrubbingher_713131a3,sexual,20,4,-0.5596948436383525,60
nn_startedrubbingher_713131a3,sexual,20,8,-0.1561315505489712,60
nn_startedrubbingher_713131a3,sexual,20,12,-0.02653768417624345,60
nn_startedrubbingher_713131a3,sexual,20,16,0.03296020912848232,60
nn_andstartedto_cb35a9f4,violence,20,1,-2.783694660517404,60
nn_andstartedto_cb35a9f4,violence,20,2,-1.2552117179970423,60
nn_andstartedto_cb35a9f4,violence,20,4,-0.5091461782415919,60
nn_andstartedto_cb35a9f4,violence,20,8,-0.16064337873021747,60
nn_andstartedto_cb35a9f4,violence,20,12,-0.028550363740270663,60
nn_andstartedto_cb35a9f4,violence,20,16,0.03388685725444264,60
nn_stopfeedingthe_19e632c3,violence,20,1,-2.9105362057089526,60
nn_stopfeedingthe_19e632c3,violence,20,2,-1.4330416950481142,60
nn_stopfeedingthe_19e632c3,violence,20,4,-0.6128073570941909,60
nn_stopfeedingthe_19e632c3,violence,20,8,-0.17200138087541064,60
nn_stopfeedingthe_19e632c3,violence,20,12,-0.03281433516922867,60
nn_stopfeedingthe_19e632c3,violence,20,16,0.03932218962058566,60
nn_herabouthis_acf4fb97,sexual,21,1,-2.6455604320345927,60
nn_herabouthis_acf4fb97,sexual,21,2,-1.180560424312395,60
nn_herabouthis_acf4fb97,sexual,21,4,-0.4355528710184214,60
nn_herabouthis_acf4fb97,sexual,21,8,-0.08364889470281546,60
nn_herabouthis_acf4fb97,sexual,21,12,0.03366692530683709,60
nn_herabouthis_acf4fb97,sexual,21,16,0.09449033612391303,60
nn_hestoleher_95b31bde,property,20,1,-2.839110045553184,60
nn_hestoleher_95b31bde,property,20,2,-1.3266262120384211,60
nn_hestoleher_95b31bde,property,20,4,-0.6002253835685646,60
nn_hestoleher_95b31bde,property,20,8,-0.18813128121440892,60
nn_hestoleher_95b31bde,property,20,12,-0.050540840951894046,60
nn_hestoleher_95b31bde,property,20,16,0.011455342166459733,60
nn_wantedherto_d8e75d03,violence,21,1,-2.3485622304510523,60
nn_wantedherto_d8e75d03,violence,21,2,-1.0892701400938514,60
nn_wantedherto_d8e75d03,violence,21,4,-0.3960443652337729,60
nn_wantedherto_d8e75d03,violence,21,8,-0.07515617607694867,60
nn_wantedherto_d8e75d03,violence,21,12,0.052647716328411046,60
nn_wantedherto_d8e75d03,violence,21,16,0.12134308780491891,60
nn_forcedherto_bdbb62ee,sexual,21,1,-3.1090130883324965,60
nn_forcedherto_bdbb62ee,sexual,21,2,-1.4992126325812205,60
nn_forcedherto_bdbb62ee,sexual,21,4,-0.6834322939390268,60
nn_forcedherto_bdbb62ee,sexual,21,8,-0.2856892985778432,60
nn_forcedherto_bdbb62ee,sexual,21,12,-0.15068714446913414,60
nn_forcedherto_bdbb62ee,sexual,21,16,-0.07730426719564308,60
nn_hisfistand_af204d2d,violence,20,1,-2.662937043576552,60
nn_hisfistand_af204d2d,violence,20,2,-1.1735818931350663,60
nn_hisfistand_af204d2d,violence,20,4,-0.44642423643631884,60
nn_hisfistand_af204d2d,violence,20,8,-0.09226701473878525,60
nn_hisfistand_af204d2d,violence,20,12,0.032822760528327034,60
nn_hisfistand_af204d2d,violence,20,16,0.09384534705906204,60
nn_feltfilledwith_340f6a6a,self_harm,20,1,-2.804703138390054,60
nn_feltfilledwith_340f6a6a,self_harm,20,2,-1.2928954787692315,60
nn_feltfilledwith_340f6a6a,self_harm,20,4,-0.520968609571892,60
nn_feltfilledwith_340f6a6a,self_harm,20,8,-0.16357537653876622,60
nn_feltfilledwith_340f6a6a,self_harm,20,12,-0.03327525435038826,60
nn_feltfilledwith_340f6a6a,self_harm,20,16,0.03050461872196736,60
nn_congressisso_ccc522ea,power,21,1,-2.8861603822107638,60
nn_congressisso_ccc522ea,power,21,2,-1.289693572854681,60
nn_congressisso_ccc522ea,power,21,4,-0.5343989173528026,60
nn_congressisso_ccc522ea,power,21,8,-0.13822230695955368,60
nn_congressisso_ccc522ea,power,21,12,-0.008789933296476796,60
nn_congressisso_ccc522ea,power,21,16,0.05040797978100427,60
nn_wasgoingto_f6bb1fc6,violence,21,1,-2.5354454530444195,60
nn_wasgoingto_f6bb1fc6,violence,21,2,-1.14964228546731,60
nn_wasgoingto_f6bb1fc6,violence,21,4,-0.40135967706015596,60
nn_wasgoingto_f6bb1fc6,violence,21,8,-0.014361906149259628,60
nn_wasgoingto_f6bb1fc6,violence,21,12,0.09060024840375226,60
nn_wasgoingto_f6bb1fc6,violence,21,16,0.14552402939904793,60
nn_hegrabbedthe_d9c5a357,violence,21,1,-2.5325204097345932,60
nn_hegrabbedthe_d9c5a357,violence,21,2,-1.067382645434037,60
nn_hegrabbedthe_d9c5a357,violence,21,4,-0.3773834519283486,60
nn_hegrabbedthe_d9c5a357,violence,21,8,-0.02312589426328162,60
nn_hegrabbedthe_d9c5a357,violence,21,12,0.0930065109419627,60
nn_hegrabbedthe_d9c5a357,violence,21,16,0.1549386790265444,60
nn_andbeganto_26500adf,violence,20,1,-2.1300417731407015,60
nn_andbeganto_26500adf,violence,20,2,-0.9812833260689905,60
nn_andbeganto_26500adf,violence,20,4,-0.3180563297588724,60
nn_andbeganto_26500adf,violence,20,8,0.006013594266303402,60
nn_andbeganto_26500adf,violence,20,12,0.11775137291196722,60
nn_andbeganto_26500adf,violence,20,16,0.17313325865822407,60
nn_andstartedto_d703fd05,violence,20,1,-2.3692022955118284,60
nn_andstartedto_d703fd05,violence,20,2,-0.9407653726037571,60
nn_andstartedto_d703fd05,violence,20,4,-0.2911468384268599,60
nn_andstartedto_d703fd05,violence,20,8,0.005338778239818239,60
nn_andstartedto_d703fd05,violence,20,12,0.1164070205936988,60
nn_andstartedto_d703fd05,violence,20,16,0.17040633591354917,60
nn_andstartedto_4881f480,violence,20,1,-2.0836345009954282,60
nn_andstartedto_4881f480,violence,20,2,-0.9264465022918351,60
nn_andstartedto_4881f480,violence,20,4,-0.27879792062725794,60
nn_andstartedto_4881f480,violence,20,8,0.04059732116831056,60
nn_andstartedto_4881f480,violence,20,12,0.15394602462044973,60
nn_andstartedto_4881f480,violence,20,16,0.2066573677532047,60
nn_tookhimand_926db463,violence,20,1,-3.003929829725508,60
nn_tookhimand_926db463,violence,20,2,-1.4140506317767423,60
nn_tookhimand_926db463,violence,20,4,-0.5622783870435157,60
nn_tookhimand_926db463,violence,20,8,-0.15625773544389981,60
nn_tookhimand_926db463,violence,20,12,-0.021742259858582677,60
nn_tookhimand_926db463,violence,20,16,0.04255027019280187,60
nn_reachedforthe_5b428c9d,self_harm,20,1,-3.1191619480956665,60
nn_reachedforthe_5b428c9d,self_harm,20,2,-1.4155854372608554,60
nn_reachedforthe_5b428c9d,self_harm,20,4,-0.5852435938883116,60
nn_reachedforthe_5b428c9d,self_harm,20,8,-0.19458709976221325,60
nn_reachedforthe_5b428c9d,self_harm,20,12,-0.06308600887274284,60
nn_reachedforthe_5b428c9d,self_harm,20,16,-0.0019101257472150116,60
nn_hedecidedto_ddfba971,violence,20,1,-2.586939851372232,60
nn_hedecidedto_ddfba971,violence,20,2,-1.088903941909422,60
nn_hedecidedto_ddfba971,violence,20,4,-0.377706971729655,60
nn_hedecidedto_ddfba971,violence,20,8,-0.03373064973474696,60
nn_hedecidedto_ddfba971,violence,20,12,0.07588965641700883,60
nn_hedecidedto_ddfba971,violence,20,16,0.1289362818510663,60
nn_crowdbeganto_2c3f4b48,violence,20,1,-2.65391872395674,60
nn_crowdbeganto_2c3f4b48,violence,20,2,-1.168046370899683,60
nn_crowdbeganto_2c3f4b48,violence,20,4,-0.46899609163889533,60
nn_crowdbeganto_2c3f4b48,violence,20,8,-0.11037224133984716,60
nn_crowdbeganto_2c3f4b48,violence,20,12,0.004132636879358292,60
nn_crowdbeganto_2c3f4b48,violence,20,16,0.06858673366515781,60
nn_hisvoicewent_b5a41c41,violence,20,1,-2.7303857685794304,60
nn_hisvoicewent_b5a41c41,violence,20,2,-1.1580682738392,60
nn_hisvoicewent_b5a41c41,violence,20,4,-0.4307514635572891,60
nn_hisvoicewent_b5a41c41,violence,20,8,-0.06673922246563087,60
nn_hisvoicewent_b5a41c41,violence,20,12,0.05543034179788751,60
nn_hisvoicewent_b5a41c41,violence,20,16,0.10374349204601904,60
nn_onhima_3fb81269,violence,21,1,-3.1378309303966954,60
nn_onhima_3fb81269,violence,21,2,-1.4816382388831146,60
nn_onhima_3fb81269,violence,21,4,-0.6965058098729265,60
nn_onhima_3fb81269,violence,21,8,-0.25561896609506424,60
nn_onhima_3fb81269,violence,21,12,-0.11784776422963608,60
nn_onhima_3fb81269,violence,21,16,-0.057102412945225195,60
nn_herbedand_4614c90f,violence,20,1,-2.0545739761982706,60
nn_herbedand_4614c90f,violence,20,2,-0.9064739404664212,60
nn_herbedand_4614c90f,violence,20,4,-0.2775604434195025,60
nn_herbedand_4614c90f,violence,20,8,0.036878727642304925,60
nn_herbedand_4614c90f,violence,20,12,0.14908571799762502,60
nn_herbedand_4614c90f,violence,20,16,0.2007924742158512,60
nn_andraisedtheir_823eb8c2,violence,20,1,-2.619212237339349,60
nn_andraisedtheir_823eb8c2,violence,20,2,-1.2875665316618428,60
nn_andraisedtheir_823eb8c2,violence,20,4,-0.48178933502863946,60
nn_andraisedtheir_823eb8c2,violence,20,8,-0.12599748200855046,60
nn_andraisedtheir_823eb8c2,violence,20,12,-0.002485460195738515,60
nn_andraisedtheir_823eb8c2,violence,20,16,0.05961043301718802,60
nn_andbeganthe_16549368,poverty,20,1,-2.7668393590427423,60
nn_andbeganthe_16549368,poverty,20,2,-1.2484121571719455,60
nn_andbeganthe_16549368,poverty,20,4,-0.48807348089987934,60
nn_andbeganthe_16549368,poverty,20,8,-0.1259232808542595,60
nn_andbeganthe_16549368,poverty,20,12,-0.018924043490283045,60
nn_andbeganthe_16549368,poverty,20,16,0.049359543870941006,60
nn_needtobe_f1e90e5b,medical,20,1,-1.9673585039355017,60
nn_needtobe_f1e90e5b,medical,20,2,-0.8105463835006723,60
nn_needtobe_f1e90e5b,medical,20,4,-0.19834040919931242,60
nn_needtobe_f1e90e5b,medical,20,8,0.09387670869845002,60
nn_needtobe_f1e90e5b,medical,20,12,0.1922291850586361,60
nn_needtobe_f1e90e5b,medical,20,16,0.24428793837432347,60
nn_andvotedto_57092c3e,institutional,20,1,-2.6221435025924933,60
nn_andvotedto_57092c3e,institutional,20,2,-1.211354598593808,60
nn_andvotedto_57092c3e,institutional,20,4,-0.4605869308588196,60
nn_andvotedto_57092c3e,institutional,20,8,-0.08207656397282541,60
nn_andvotedto_57092c3e,institutional,20,12,0.015864513374544215,60
nn_andvotedto_57092c3e,institutional,20,16,0.07451097795221948,60
nn_andbeganto_092f7232,property,21,1,-2.7780789867954137,60
nn_andbeganto_092f7232,property,21,2,-1.40262090047434,60
nn_andbeganto_092f7232,property,21,4,-0.5470589432118147,60
nn_andbeganto_092f7232,property,21,8,-0.16407540429373926,60
nn_andbeganto_092f7232,property,21,12,-0.04806375511220638,60
nn_andbeganto_092f7232,property,21,16,0.016420936494280152,60
nn_thebrickand_e3a88362,violence,21,1,-2.7197145225782156,60
nn_thebrickand_e3a88362,violence,21,2,-1.2085557687707087,60
nn_thebrickand_e3a88362,violence,21,4,-0.4497436412235095,60
nn_thebrickand_e3a88362,violence,21,8,-0.07128319214583952,60
nn_thebrickand_e3a88362,violence,21,12,0.04873627504105466,60
nn_thebrickand_e3a88362,violence,21,16,0.1066253841601938,60
nn_themanteland_ddb2952b,property,20,1,-2.6756307038406932,60
nn_themanteland_ddb2952b,property,20,2,-1.2346065813787819,60
nn_themanteland_ddb2952b,property,20,4,-0.41031346994608087,60
nn_themanteland_ddb2952b,property,20,8,-0.0760687942726024,60
nn_themanteland_ddb2952b,property,20,12,0.044290928237220625,60
nn_themanteland_ddb2952b,property,20,16,0.09953258954674876,60
nn_andbeganto_f82365fa,property,20,1,-2.6584910315293695,60
nn_andbeganto_f82365fa,property,20,2,-1.1782136142016943,60
nn_andbeganto_f82365fa,property,20,4,-0.42798689209597784,60
nn_andbeganto_f82365fa,property,20,8,-0.0941332976382288,60
nn_andbeganto_f82365fa,property,20,12,0.021942950598898815,60
nn_andbeganto_f82365fa,property,20,16,0.08566083804538716,60
nn_abottleof_225d2474,substance,20,1,-2.83662124714179,60
nn_abottleof_225d2474,substance,20,2,-1.28164789661596,60
nn_abottleof_225d2474,substance,20,4,-0.5203962489388776,60
nn_abottleof_225d2474,substance,20,8,-0.1381478902946739,60
nn_abottleof_225d2474,substance,20,12,-0.005378215078206614,60
nn_abottleof_225d2474,substance,20,16,0.05923696914766217,60
nn_askedformore_94918645,substance,20,1,-2.753911032147596,60
nn_askedformore_94918645,substance,20,2,-1.2308421648709114,60
nn_askedformore_94918645,substance,20,4,-0.4517514040990846,60
nn_askedformore_94918645,substance,20,8,-0.06563364573650024,60
nn_askedformore_94918645,substance,20,12,0.06321094743615857,60
nn_askedformore_94918645,substance,20,16,0.12092849325070233,60
nn_lookingforhis_14cee3e7,substance,20,1,-2.7430153992373416,60
nn_lookingforhis_14cee3e7,substance,20,2,-1.2918163064261328,60
nn_lookingforhis_14cee3e7,substance,20,4,-0.5092214120066498,60
nn_lookingforhis_14cee3e7,substance,20,8,-0.1153745161940091,60
nn_lookingforhis_14cee3e7,substance,20,12,0.009069239800083624,60
nn_lookingforhis_14cee3e7,substance,20,16,0.07843169283116141,60
nn_heldouta_8c7474a8,substance,20,1,-2.794707694447928,60
nn_heldouta_8c7474a8,substance,20,2,-1.3480936944716106,60
nn_heldouta_8c7474a8,substance,20,4,-0.5772808211192576,60
nn_heldouta_8c7474a8,substance,20,8,-0.17271793002211636,60
nn_heldouta_8c7474a8,substance,20,12,-0.03699547324873119,60
nn_heldouta_8c7474a8,substance,20,16,0.035362136478986436,60
nn_themanextra_0fad6b28,substance,20,1,-2.7179006151739387,60
nn_themanextra_0fad6b28,substance,20,2,-1.3603080890199104,60
nn_themanextra_0fad6b28,substance,20,4,-0.5379731140596925,60
nn_themanextra_0fad6b28,substance,20,8,-0.14359525496231135,60
nn_themanextra_0fad6b28,substance,20,12,-0.014464924553456753,60
nn_themanextra_0fad6b28,substance,20,16,0.04600357778886718,60
nn_hewascompletely_3ccd4085,substance,21,1,-3.3494788557307884,60
nn_hewascompletely_3ccd4085,substance,21,2,-1.5599366184189263,60
nn_hewascompletely_3ccd4085,substance,21,4,-0.6863522668822236,60
nn_hewascompletely_3ccd4085,substance,21,8,-0.2673932032033445,60
nn_hewascompletely_3ccd4085,substance,21,12,-0.11636975896824243,60
nn_hewascompletely_3ccd4085,substance,21,16,-0.047401154389034555,60
nn_takeaquick_0c00fb98,substance,20,1,-2.7094292262040347,60
nn_takeaquick_0c00fb98,substance,20,2,-1.1559593109911093,60
nn_takeaquick_0c00fb98,substance,20,4,-0.4006214377793221,60
nn_takeaquick_0c00fb98,substance,20,8,-0.03450195693181531,60
nn_takeaquick_0c00fb98,substance,20,12,0.07199707718627835,60
nn_takeaquick_0c00fb98,substance,20,16,0.13588950278813688,60
nn_crewdecidedto_d9c4a8f7,institutional,21,1,-2.4992878909914165,60
nn_crewdecidedto_d9c4a8f7,institutional,21,2,-1.0991265567231927,60
nn_crewdecidedto_d9c4a8f7,institutional,21,4,-0.4006988906640042,60
nn_crewdecidedto_d9c4a8f7,institutional,21,8,-0.0768705722549018,60
nn_crewdecidedto_d9c4a8f7,institutional,21,12,0.052296792353183914,60
nn_crewdecidedto_d9c4a8f7,institutional,21,16,0.10825515505239856,60
nn_resourcesdecidedto_6e1d02bc,institutional,20,1,-2.133644416596148,60
nn_resourcesdecidedto_6e1d02bc,institutional,20,2,-0.9124904895778376,60
nn_resourcesdecidedto_6e1d02bc,institutional,20,4,-0.2453720751457533,60
nn_resourcesdecidedto_6e1d02bc,institutional,20,8,0.07489195372349551,60
nn_resourcesdecidedto_6e1d02bc,institutional,20,12,0.18096868698049215,60
nn_resourcesdecidedto_6e1d02bc,institutional,20,16,0.2297187754695575,60
nn_pubandkept_d767879f,violence,20,1,-2.4472278406210686,60
nn_pubandkept_d767879f,violence,20,2,-1.1691462558688157,60
nn_pubandkept_d767879f,violence,20,4,-0.4630225322184528,60
nn_pubandkept_d767879f,violence,20,8,-0.09000493072215947,60
nn_pubandkept_d767879f,violence,20,12,0.010685794097230548,60
nn_pubandkept_d767879f,violence,20,16,0.06763368851519165,60
nn_medicationtheorderlies_2f1f2a50,violence,20,1,-2.6952054771228773,60
nn_medicationtheorderlies_2f1f2a50,violence,20,2,-1.2376842540802155,60
nn_medicationtheorderlies_2f1f2a50,violence,20,4,-0.49037815722266076,60
nn_medicationtheorderlies_2f1f2a50,violence,20,8,-0.10915941332463046,60
nn_medicationtheorderlies_2f1f2a50,violence,20,12,0.01219993490336153,60
nn_medicationtheorderlies_2f1f2a50,violence,20,16,0.079036818267293,60
nn_handandthen_5c3cee1e,violence,20,1,-3.3998551638531302,60
nn_handandthen_5c3cee1e,violence,20,2,-1.6956120435425306,60
nn_handandthen_5c3cee1e,violence,20,4,-0.7469530128890675,60
nn_handandthen_5c3cee1e,violence,20,8,-0.29996820462666646,60
nn_handandthen_5c3cee1e,violence,20,12,-0.15365413036875364,60
nn_handandthen_5c3cee1e,violence,20,16,-0.09132973797687044,60
nn_andstartedto_ca652ec1,violence,20,1,-2.5863863381921144,60
nn_andstartedto_ca652ec1,violence,20,2,-1.1357267954604522,60
nn_andstartedto_ca652ec1,violence,20,4,-0.4050622785608345,60
nn_andstartedto_ca652ec1,violence,20,8,-0.0317738560319218,60
nn_andstartedto_ca652ec1,violence,20,12,0.09196262922517147,60
nn_andstartedto_ca652ec1,violence,20,16,0.1458646169366489,60
nn_andstartedto_3181a968,violence,21,1,-2.7415084802260967,60
nn_andstartedto_3181a968,violence,21,2,-1.1838259548333785,60
nn_andstartedto_3181a968,violence,21,4,-0.42828952284512395,60
nn_andstartedto_3181a968,violence,21,8,-0.06306466931558688,60
nn_andstartedto_3181a968,violence,21,12,0.05261733240335676,60
nn_andstartedto_3181a968,violence,21,16,0.11356499948174516,60
nn_howhehad_14ee3247,violence,20,1,-2.7124397338314306,60
nn_howhehad_14ee3247,violence,20,2,-1.2115465779331163,60
nn_howhehad_14ee3247,violence,20,4,-0.4660142245286238,60
nn_howhehad_14ee3247,violence,20,8,-0.08549491353864672,60
nn_howhehad_14ee3247,violence,20,12,0.03269359433102271,60
nn_howhehad_14ee3247,violence,20,16,0.09274382787808838,60
nn_andhermother_e861e120,violence,20,1,-2.9099288846580538,60
nn_andhermother_e861e120,violence,20,2,-1.2981709750787862,60
nn_andhermother_e861e120,violence,20,4,-0.5218538052929356,60
nn_andhermother_e861e120,violence,20,8,-0.14335949436103976,60
nn_andhermother_e861e120,violence,20,12,-0.00804930171613366,60
nn_andhermother_e861e120,violence,20,16,0.05371799845593594,60
nn_armfreeand_fd1a498e,violence,20,1,-2.6261335203428007,60
nn_armfreeand_fd1a498e,violence,20,2,-1.1544781237321784,60
nn_armfreeand_fd1a498e,violence,20,4,-0.44067698161061963,60
nn_armfreeand_fd1a498e,violence,20,8,-0.0725081334037409,60
nn_armfreeand_fd1a498e,violence,20,12,0.05140328648632442,60
nn_armfreeand_fd1a498e,violence,20,16,0.10986322618807724,60
nn_handonher_fd3c470c,sexual,20,1,-1.5008991238198413,60
nn_handonher_fd3c470c,sexual,20,2,-0.5114862629003997,60
nn_handonher_fd3c470c,sexual,20,4,-0.02716743181608093,60
nn_handonher_fd3c470c,sexual,20,8,0.21026573535165277,60
nn_handonher_fd3c470c,sexual,20,12,0.2971588536846068,60
nn_handonher_fd3c470c,sexual,20,16,0.33449405125984216,60
nn_thebedcompletely_5c5e8e20,sexual,20,1,-2.9772938811342704,60
nn_thebedcompletely_5c5e8e20,sexual,20,2,-1.3781114903553688,60
nn_thebedcompletely_5c5e8e20,sexual,20,4,-0.5859575793486662,60
nn_thebedcompletely_5c5e8e20,sexual,20,8,-0.19145455444852874,60
nn_thebedcompletely_5c5e8e20,sexual,20,12,-0.05888058895194215,60
nn_thebedcompletely_5c5e8e20,sexual,20,16,0.013164094596334271,60
nn_hebeganto_ac6e4c82,sexual,20,1,-3.598346657010457,60
nn_hebeganto_ac6e4c82,sexual,20,2,-1.6516042466018244,60
nn_hebeganto_ac6e4c82,sexual,20,4,-0.7869109017595217,60
nn_hebeganto_ac6e4c82,sexual,20,8,-0.31347793329043516,60
nn_hebeganto_ac6e4c82,sexual,20,12,-0.18117976152389076,60
nn_hebeganto_ac6e4c82,sexual,20,16,-0.11065452019248748,60
nn_shebeganto_d07f701f,sexual,20,1,-3.0186275035277856,60
nn_shebeganto_d07f701f,sexual,20,2,-1.3930843025713933,60
nn_shebeganto_d07f701f,sexual,20,4,-0.6075503358452379,60
nn_shebeganto_d07f701f,sexual,20,8,-0.2081208072934656,60
nn_shebeganto_d07f701f,sexual,20,12,-0.06616764634595412,60
nn_shebeganto_d07f701f,sexual,20,16,0.006709936695721846,60
nn_shestartedto_78fdef55,sexual,20,1,-2.3301145511548382,60
nn_shestartedto_78fdef55,sexual,20,2,-1.0207057695533224,60
nn_shestartedto_78fdef55,sexual,20,4,-0.3287977904152747,60
nn_shestartedto_78fdef55,sexual,20,8,0.002125408586094015,60
nn_shestartedto_78fdef55,sexual,20,12,0.10877718518251307,60
nn_shestartedto_78fdef55,sexual,20,16,0.1648584453592134,60
nn_unionvotedto_ccd8cf35,institutional,20,1,-1.8538536386990947,60
nn_unionvotedto_ccd8cf35,institutional,20,2,-0.511282193720265,60
nn_unionvotedto_ccd8cf35,institutional,20,4,-0.011070747176147472,60
nn_unionvotedto_ccd8cf35,institutional,20,8,0.2604770878708238,60
nn_unionvotedto_ccd8cf35,institutional,20,12,0.34375484242234233,60
nn_unionvotedto_ccd8cf35,institutional,20,16,0.39230533626786535,60
nn_managersofficeand_03dea58f,institutional,21,1,-2.824110172154532,60
nn_managersofficeand_03dea58f,institutional,21,2,-1.3003293743474105,60
nn_managersofficeand_03dea58f,institutional,21,4,-0.5213696695805264,60
nn_managersofficeand_03dea58f,institutional,21,8,-0.15254544017695496,60
nn_managersofficeand_03dea58f,institutional,21,12,-0.03673638177660877,60
nn_managersofficeand_03dea58f,institutional,21,16,0.029881863052276893,60
nn_anddecidedto_bb9f82e7,institutional,20,1,-2.325909897438066,60
nn_anddecidedto_bb9f82e7,institutional,20,2,-1.0977753012987637,60
nn_anddecidedto_bb9f82e7,institutional,20,4,-0.37761696204202333,60
nn_anddecidedto_bb9f82e7,institutional,20,8,-0.03861518911353872,60
nn_anddecidedto_bb9f82e7,institutional,20,12,0.094296647961491,60
nn_anddecidedto_bb9f82e7,institutional,20,16,0.15394310777968467,60
nn_carsohe_e826494f,institutional,20,1,-2.489066990387208,60
nn_carsohe_e826494f,institutional,20,2,-1.0744360771581687,60
nn_carsohe_e826494f,institutional,20,4,-0.4005682184476221,60
nn_carsohe_e826494f,institutional,20,8,-0.036445902044653394,60
nn_carsohe_e826494f,institutional,20,12,0.08472135377238595,60
nn_carsohe_e826494f,institutional,20,16,0.1358794307251929,60
nn_shedecidedto_42ea3281,institutional,20,1,-1.9387749831025627,60
nn_shedecidedto_42ea3281,institutional,20,2,-0.6994344941012176,60
nn_shedecidedto_42ea3281,institutional,20,4,-0.15546789025870753,60
nn_shedecidedto_42ea3281,institutional,20,8,0.16739153809263774,60
nn_shedecidedto_42ea3281,institutional,20,12,0.2637541377626823,60
nn_shedecidedto_42ea3281,institutional,20,16,0.31348254703882217,60
nn_officersdecidedto_825f9a86,institutional,20,1,-2.596830232114656,60
nn_officersdecidedto_825f9a86,institutional,20,2,-1.2134579381356103,60
nn_officersdecidedto_825f9a86,institutional,20,4,-0.45904480154625643,60
nn_officersdecidedto_825f9a86,institutional,20,8,-0.08877778140139148,60
nn_officersdecidedto_825f9a86,institutional,20,12,0.03924903280365683,60
nn_officersdecidedto_825f9a86,institutional,20,16,0.10359467991448197,60
nn_faceinher_9be2ff5f,sexual,21,1,-2.639740830325606,60
nn_faceinher_9be2ff5f,sexual,21,2,-1.1269474456857613,60
nn_faceinher_9be2ff5f,sexual,21,4,-0.4135107879001781,60
nn_faceinher_9be2ff5f,sexual,21,8,-0.04988163224884602,60
nn_faceinher_9be2ff5f,sexual,21,12,0.07238759483145454,60
nn_faceinher_9be2ff5f,sexual,21,16,0.1258022635302778,60
nn_staringather_ae2b04a4,sexual,21,1,-2.986870478093371,60
nn_staringather_ae2b04a4,sexual,21,2,-1.2148468873381952,60
nn_staringather_ae2b04a4,sexual,21,4,-0.42773239088772613,60
nn_staringather_ae2b04a4,sexual,21,8,-0.10750392537415636,60
nn_staringather_ae2b04a4,sexual,21,12,0.035958661205568114,60
nn_staringather_ae2b04a4,sexual,21,16,0.09277678820177923,60
nn_andbeganto_e44b8f42,sexual,20,1,-3.112313513822087,60
nn_andbeganto_e44b8f42,sexual,20,2,-1.3787098901144137,60
nn_andbeganto_e44b8f42,sexual,20,4,-0.5438540153980406,60
nn_andbeganto_e44b8f42,sexual,20,8,-0.13523472922356472,60
nn_andbeganto_e44b8f42,sexual,20,12,-0.017530438430371987,60
nn_andbeganto_e44b8f42,sexual,20,16,0.03412650801553138,60
nn_andstartedto_f03fdde4,sexual,20,1,-2.551778454961366,60
nn_andstartedto_f03fdde4,sexual,20,2,-1.107573420424621,60
nn_andstartedto_f03fdde4,sexual,20,4,-0.3816759801558536,60
nn_andstartedto_f03fdde4,sexual,20,8,-0.044117487535110494,60
nn_andstartedto_f03fdde4,sexual,20,12,0.07907644150947843,60
nn_andstartedto_f03fdde4,sexual,20,16,0.14012921777372578,60
nn_photoofher_53fb0a58,sexual,20,1,-2.674078363933821,60
nn_photoofher_53fb0a58,sexual,20,2,-1.2026088589856165,60
nn_photoofher_53fb0a58,sexual,20,4,-0.47138861172431157,60
nn_photoofher_53fb0a58,sexual,20,8,-0.11346271321443317,60
nn_photoofher_53fb0a58,sexual,20,12,0.0033191531416684183,60
nn_photoofher_53fb0a58,sexual,20,16,0.059947541901912774,60
nn_hearingishould_009409fe,institutional,20,1,-2.56755919360515,60
nn_hearingishould_009409fe,institutional,20,2,-1.0334605149928133,60
nn_hearingishould_009409fe,institutional,20,4,-0.382949296185208,60
nn_hearingishould_009409fe,institutional,20,8,-0.024222251404275155,60
nn_hearingishould_009409fe,institutional,20,12,0.09308934417756674,60
nn_hearingishould_009409fe,institutional,20,16,0.16219633044425202,60
nn_shedecidedto_11fd9139,institutional,20,1,-2.1444096540310076,60
nn_shedecidedto_11fd9139,institutional,20,2,-0.9827321195202344,60
nn_shedecidedto_11fd9139,institutional,20,4,-0.3365670378167323,60
nn_shedecidedto_11fd9139,institutional,20,8,0.00755245588288491,60
nn_shedecidedto_11fd9139,institutional,20,12,0.12897567081577357,60
nn_shedecidedto_11fd9139,institutional,20,16,0.18344658268907268,60
nn_hedecidedto_608324d5,institutional,20,1,-2.441473836286564,60
nn_hedecidedto_608324d5,institutional,20,2,-1.093956315602555,60
nn_hedecidedto_608324d5,institutional,20,4,-0.40434000549484245,60
nn_hedecidedto_608324d5,institutional,20,8,-0.08633779406044345,60
nn_hedecidedto_608324d5,institutional,20,12,0.0299467137413262,60
nn_hedecidedto_608324d5,institutional,20,16,0.09208944936114723,60
nn_manwantedto_6c059700,institutional,21,1,-2.8328514577514117,60
nn_manwantedto_6c059700,institutional,21,2,-1.2675523386386394,60
nn_manwantedto_6c059700,institutional,21,4,-0.4897141844895554,60
nn_manwantedto_6c059700,institutional,21,8,-0.10104772593710892,60
nn_manwantedto_6c059700,institutional,21,12,-0.0028451149199110477,60
nn_manwantedto_6c059700,institutional,21,16,0.07471595347271733,60
nn_surgeryishould_16b74a05,institutional,20,1,-2.6019744533825735,60
nn_surgeryishould_16b74a05,institutional,20,2,-1.1885061131718073,60
nn_surgeryishould_16b74a05,institutional,20,4,-0.4645031041624055,60
nn_surgeryishould_16b74a05,institutional,20,8,-0.08310508574264001,60
nn_surgeryishould_16b74a05,institutional,20,12,0.020618684456355896,60
nn_surgeryishould_16b74a05,institutional,20,16,0.07712030064767736,60
nn_judgedecidedto_d9fb6c2c,institutional,20,1,-1.7160484295863359,60
nn_judgedecidedto_d9fb6c2c,institutional,20,2,-0.6994644669479322,60
nn_judgedecidedto_d9fb6c2c,institutional,20,4,-0.14673552341596086,60
nn_judgedecidedto_d9fb6c2c,institutional,20,8,0.14633132504488736,60
nn_judgedecidedto_d9fb6c2c,institutional,20,12,0.23713961121545196,60
nn_judgedecidedto_d9fb6c2c,institutional,20,16,0.28255325434733325,60
nn_anddecidedto_29436c71,institutional,20,1,-2.7849789584350813,60
nn_anddecidedto_29436c71,institutional,20,2,-1.2553140306845998,60
nn_anddecidedto_29436c71,institutional,20,4,-0.5003980935374109,60
nn_anddecidedto_29436c71,institutional,20,8,-0.14233412032370774,60
nn_anddecidedto_29436c71,institutional,20,12,-0.016416163867884123,60
nn_anddecidedto_29436c71,institutional,20,16,0.04541565433966998,60
nn_claimhadbeen_41a224e6,institutional,20,1,-2.454690079774579,60
nn_claimhadbeen_41a224e6,institutional,20,2,-1.1285154471064696,60
nn_claimhadbeen_41a224e6,institutional,20,4,-0.43462581912182313,60
nn_claimhadbeen_41a224e6,institutional,20,8,-0.07299485940089163,60
nn_claimhadbeen_41a224e6,institutional,20,12,0.04728092832997728,60
nn_claimhadbeen_41a224e6,institutional,20,16,0.11176523507363455,60
nn_anddecidedto_98b95298,institutional,20,1,-2.9786283081604483,60
nn_anddecidedto_98b95298,institutional,20,2,-1.2914601715061316,60
nn_anddecidedto_98b95298,institutional,20,4,-0.49972123491983544,60
nn_anddecidedto_98b95298,institutional,20,8,-0.11803341277068222,60
nn_anddecidedto_98b95298,institutional,20,12,0.02002576238551001,60
nn_anddecidedto_98b95298,institutional,20,16,0.08607128847168893,60
nn_anddecidedto_ef453d69,institutional,20,1,-2.304111910964114,60
nn_anddecidedto_ef453d69,institutional,20,2,-1.0199442373453538,60
nn_anddecidedto_ef453d69,institutional,20,4,-0.36325533405701216,60
nn_anddecidedto_ef453d69,institutional,20,8,-0.012522270841381484,60
nn_anddecidedto_ef453d69,institutional,20,12,0.10303890565498393,60
nn_anddecidedto_ef453d69,institutional,20,16,0.15737611244121968,60
nn_shewantedto_75cfc991,institutional,20,1,-2.491153483313253,60
nn_shewantedto_75cfc991,institutional,20,2,-1.1406084374712842,60
nn_shewantedto_75cfc991,institutional,20,4,-0.37901967429726263,60
nn_shewantedto_75cfc991,institutional,20,8,-0.06205075555214305,60
nn_shewantedto_75cfc991,institutional,20,12,0.06224712754050654,60
nn_shewantedto_75cfc991,institutional,20,16,0.1053810988258198,60
nn_shedecidedto_a9ebc96d,institutional,21,1,-2.4520842527632634,60
nn_shedecidedto_a9ebc96d,institutional,21,2,-1.1529114339034718,60
nn_shedecidedto_a9ebc96d,institutional,21,4,-0.47647261091582305,60
nn_shedecidedto_a9ebc96d,institutional,21,8,-0.11990409079534607,60
nn_shedecidedto_a9ebc96d,institutional,21,12,0.003217448663097413,60
nn_shedecidedto_a9ebc96d,institutional,21,16,0.0691180175842361,60
nn_shewantedto_3eef9181,institutional,20,1,-2.0022516179844443,60
nn_shewantedto_3eef9181,institutional,20,2,-0.8133657383992692,60
nn_shewantedto_3eef9181,institutional,20,4,-0.2095143700868009,60
nn_shewantedto_3eef9181,institutional,20,8,0.10079022716651026,60
nn_shewantedto_3eef9181,institutional,20,12,0.20122260122264865,60
nn_shewantedto_3eef9181,institutional,20,16,0.24279957534151583,60
nn_nursesdecidedto_42e4aa89,institutional,21,1,-1.8849647371259741,60
nn_nursesdecidedto_42e4aa89,institutional,21,2,-0.7794903305712212,60
nn_nursesdecidedto_42e4aa89,institutional,21,4,-0.175322658379717,60
nn_nursesdecidedto_42e4aa89,institutional,21,8,0.11108251185274189,60
nn_nursesdecidedto_42e4aa89,institutional,21,12,0.21144088705335223,60
nn_nursesdecidedto_42e4aa89,institutional,21,16,0.2720788276744807,60
nn_himthedepartment_7bb62a64,institutional,20,1,-3.266440699905428,60
nn_himthedepartment_7bb62a64,institutional,20,2,-1.5856540629596219,60
nn_himthedepartment_7bb62a64,institutional,20,4,-0.6744569472962091,60
nn_himthedepartment_7bb62a64,institutional,20,8,-0.23733856893652536,60
nn_himthedepartment_7bb62a64,institutional,20,12,-0.08817719858547632,60
nn_himthedepartment_7bb62a64,institutional,20,16,-0.02610781636031488,60
nn_hospitaldecidedto_c76c6769,institutional,21,1,-2.336864966325046,60
nn_hospitaldecidedto_c76c6769,institutional,21,2,-0.9489057385860746,60
nn_hospitaldecidedto_c76c6769,institutional,21,4,-0.32619552915673306,60
nn_hospitaldecidedto_c76c6769,institutional,21,8,0.01511245017359233,60
nn_hospitaldecidedto_c76c6769,institutional,21,12,0.129549411582663,60
nn_hospitaldecidedto_c76c6769,institutional,21,16,0.19158315835915504,60
nn_countrysohe_2a74326e,institutional,20,1,-2.7089511050856925,60
nn_countrysohe_2a74326e,institutional,20,2,-1.258646941510167,60
nn_countrysohe_2a74326e,institutional,20,4,-0.5245856153559596,60
nn_countrysohe_2a74326e,institutional,20,8,-0.13416138484783918,60
nn_countrysohe_2a74326e,institutional,20,12,-0.005840335891432505,60
nn_countrysohe_2a74326e,institutional,20,16,0.06276950048584734,60
nn_hebeganto_e3c1d760,institutional,21,1,-2.6768593125860627,60
nn_hebeganto_e3c1d760,institutional,21,2,-1.2972256732310894,60
nn_hebeganto_e3c1d760,institutional,21,4,-0.5098981497375487,60
nn_hebeganto_e3c1d760,institutional,21,8,-0.15792656777388048,60
nn_hebeganto_e3c1d760,institutional,21,12,-0.028101817592508144,60
nn_hebeganto_e3c1d760,institutional,21,16,0.03503290921582013,60
nn_theparentsto_e3d67089,institutional,20,1,-2.1569433455760225,60
nn_theparentsto_e3d67089,institutional,20,2,-0.8828307478551963,60
nn_theparentsto_e3d67089,institutional,20,4,-0.23420392344091298,60
nn_theparentsto_e3d67089,institutional,20,8,0.06471959298112494,60
nn_theparentsto_e3d67089,institutional,20,12,0.16180841372305646,60
nn_theparentsto_e3d67089,institutional,20,16,0.21818402026775593,60
nn_andtheofficer_f37f669d,institutional,20,1,-2.4779202099814532,60
nn_andtheofficer_f37f669d,institutional,20,2,-1.1160870957482654,60
nn_andtheofficer_f37f669d,institutional,20,4,-0.4141500422644636,60
nn_andtheofficer_f37f669d,institutional,20,8,-0.07046429214231215,60
nn_andtheofficer_f37f669d,institutional,20,12,0.048616500036177,60
nn_andtheofficer_f37f669d,institutional,20,16,0.10872461558431819,60
nn_operationbuthe_b20a1518,institutional,20,1,-2.4828702181197246,60
nn_operationbuthe_b20a1518,institutional,20,2,-1.188306057412478,60
nn_operationbuthe_b20a1518,institutional,20,4,-0.43161765781177286,60
nn_operationbuthe_b20a1518,institutional,20,8,-0.062755911256416,60
nn_operationbuthe_b20a1518,institutional,20,12,0.04079587399794516,60
nn_operationbuthe_b20a1518,institutional,20,16,0.10522739131088284,60
nn_anddecidedto_31cd19c3,institutional,20,1,-2.5976657982552536,60
nn_anddecidedto_31cd19c3,institutional,20,2,-1.1006106673730551,60
nn_anddecidedto_31cd19c3,institutional,20,4,-0.41439235398949864,60
nn_anddecidedto_31cd19c3,institutional,20,8,-0.05734665404671427,60
nn_anddecidedto_31cd19c3,institutional,20,12,0.06841933480342433,60
nn_anddecidedto_31cd19c3,institutional,20,16,0.12031991735047302,60
nn_hewasbeing_7c7a3349,institutional,20,1,-1.6856615920355573,60
nn_hewasbeing_7c7a3349,institutional,20,2,-0.48958091286971805,60
nn_hewasbeing_7c7a3349,institutional,20,4,-0.030525692171532344,60
nn_hewasbeing_7c7a3349,institutional,20,8,0.2366407470721551,60
nn_hewasbeing_7c7a3349,institutional,20,12,0.3163762507941399,60
nn_hewasbeing_7c7a3349,institutional,20,16,0.3613770050613522,60
nn_caseworkerdecidedto_751b2ac1,institutional,20,1,-2.462367016764904,60
nn_caseworkerdecidedto_751b2ac1,institutional,20,2,-1.1044713130743367,60
nn_caseworkerdecidedto_751b2ac1,institutional,20,4,-0.3856821157976229,60
nn_caseworkerdecidedto_751b2ac1,institutional,20,8,-0.040754407623420356,60
nn_caseworkerdecidedto_751b2ac1,institutional,20,12,0.07838628983017205,60
nn_caseworkerdecidedto_751b2ac1,institutional,20,16,0.13423471434109427,60
nn_treatedandthey_307a1b50,institutional,20,1,-2.7558169575436002,60
nn_treatedandthey_307a1b50,institutional,20,2,-1.2633060918197294,60
nn_treatedandthey_307a1b50,institutional,20,4,-0.5185369819664281,60
nn_treatedandthey_307a1b50,institutional,20,8,-0.15374171056097674,60
nn_treatedandthey_307a1b50,institutional,20,12,-0.018715965903301254,60
nn_treatedandthey_307a1b50,institutional,20,16,0.051662069252930015,60
nn_shedecidedto_15e68234,institutional,20,1,-2.4493347971322357,60
nn_shedecidedto_15e68234,institutional,20,2,-0.9886986099733099,60
nn_shedecidedto_15e68234,institutional,20,4,-0.2727256792924591,60
nn_shedecidedto_15e68234,institutional,20,8,0.04533287486215184,60
nn_shedecidedto_15e68234,institutional,20,12,0.1432153597428593,60
nn_shedecidedto_15e68234,institutional,20,16,0.19829640117218258,60
nn_hedecidedto_2d2e5c11,institutional,20,1,-1.6391002559552308,60
nn_hedecidedto_2d2e5c11,institutional,20,2,-0.6032137052091765,60
nn_hedecidedto_2d2e5c11,institutional,20,4,-0.04214826999733565,60
nn_hedecidedto_2d2e5c11,institutional,20,8,0.23913455178724916,60
nn_hedecidedto_2d2e5c11,institutional,20,12,0.32853467573780887,60
nn_hedecidedto_2d2e5c11,institutional,20,16,0.36718499207854227,60
nn_callinghima_3baea840,institutional,21,1,-2.952017019297799,60
nn_callinghima_3baea840,institutional,21,2,-1.3595866658990874,60
nn_callinghima_3baea840,institutional,21,4,-0.6005232220658924,60
nn_callinghima_3baea840,institutional,21,8,-0.19621625805696616,60
nn_callinghima_3baea840,institutional,21,12,-0.047597170438202656,60
nn_callinghima_3baea840,institutional,21,16,0.01710302683560531,60
nn_officebutshe_1a92db83,institutional,20,1,-1.9754229453237275,60
nn_officebutshe_1a92db83,institutional,20,2,-0.7925766909961085,60
nn_officebutshe_1a92db83,institutional,20,4,-0.1714985550443987,60
nn_officebutshe_1a92db83,institutional,20,8,0.118625465664956,60
nn_officebutshe_1a92db83,institutional,20,12,0.22370185708562892,60
nn_officebutshe_1a92db83,institutional,20,16,0.27576128632361757,60
nn_outwouldbe_5dcda77d,institutional,20,1,-2.933322809417854,60
nn_outwouldbe_5dcda77d,institutional,20,2,-1.3314168633570367,60
nn_outwouldbe_5dcda77d,institutional,20,4,-0.5337811622608033,60
nn_outwouldbe_5dcda77d,institutional,20,8,-0.1530586914863792,60
nn_outwouldbe_5dcda77d,institutional,20,12,-0.020765586919932622,60
nn_outwouldbe_5dcda77d,institutional,20,16,0.05219239829051943,60
nn_shedecidedto_d57a6bce,institutional,20,1,-2.013208351759187,60
nn_shedecidedto_d57a6bce,institutional,20,2,-0.7977134819425156,60
nn_shedecidedto_d57a6bce,institutional,20,4,-0.18820385185096403,60
nn_shedecidedto_d57a6bce,institutional,20,8,0.12562430668741426,60
nn_shedecidedto_d57a6bce,institutional,20,12,0.2119301551149682,60
nn_shedecidedto_d57a6bce,institutional,20,16,0.26472475622200836,60
nn_worksoshe_b7b590e6,institutional,20,1,-1.7675360256869768,60
nn_worksoshe_b7b590e6,institutional,20,2,-0.7282869105621078,60
nn_worksoshe_b7b590e6,institutional,20,4,-0.13148878780964174,60
nn_worksoshe_b7b590e6,institutional,20,8,0.15415294435750135,60
nn_worksoshe_b7b590e6,institutional,20,12,0.25912203574383474,60
nn_worksoshe_b7b590e6,institutional,20,16,0.3058900235700258,60
nn_landlorddecidedto_1365cf46,institutional,20,1,-2.1649683633761194,60
nn_landlorddecidedto_1365cf46,institutional,20,2,-0.8975255250788339,60
nn_landlorddecidedto_1365cf46,institutional,20,4,-0.2543772742075362,60
nn_landlorddecidedto_1365cf46,institutional,20,8,0.058644137258788934,60
nn_landlorddecidedto_1365cf46,institutional,20,12,0.16440804938926995,60
nn_landlorddecidedto_1365cf46,institutional,20,16,0.21247334577488533,60
nn_sothetenants_d611f1af,institutional,20,1,-2.612089344557403,60
nn_sothetenants_d611f1af,institutional,20,2,-1.105095676271265,60
nn_sothetenants_d611f1af,institutional,20,4,-0.3238796839080009,60
nn_sothetenants_d611f1af,institutional,20,8,-0.023954673990590914,60
nn_sothetenants_d611f1af,institutional,20,12,0.08772732589816042,60
nn_sothetenants_d611f1af,institutional,20,16,0.15789621140563012,60
nn_andstartedto_4b743aa2,institutional,20,1,-2.364778759662954,60
nn_andstartedto_4b743aa2,institutional,20,2,-1.024026710220398,60
nn_andstartedto_4b743aa2,institutional,20,4,-0.3625199102206539,60
nn_andstartedto_4b743aa2,institutional,20,8,-0.008046818736347843,60
nn_andstartedto_4b743aa2,institutional,20,12,0.10332258684326878,60
nn_andstartedto_4b743aa2,institutional,20,16,0.16651450142576207,60
nn_faultsoshe_39a11904,institutional,20,1,-3.0347814988696737,60
nn_faultsoshe_39a11904,institutional,20,2,-1.3875703137642954,60
nn_faultsoshe_39a11904,institutional,20,4,-0.6083996075136971,60
nn_faultsoshe_39a11904,institutional,20,8,-0.19245198296063937,60
nn_faultsoshe_39a11904,institutional,20,12,-0.0747090778368704,60
nn_faultsoshe_39a11904,institutional,20,16,-0.007829561773610232,60
nn_takeoffhis_bff063fa,sexual,20,1,-2.3437771383954984,60
nn_takeoffhis_bff063fa,sexual,20,2,-1.0253524437865973,60
nn_takeoffhis_bff063fa,sexual,20,4,-0.34797499184679476,60
nn_takeoffhis_bff063fa,sexual,20,8,0.011561296638618044,60
nn_takeoffhis_bff063fa,sexual,20,12,0.12915604576211775,60
nn_takeoffhis_bff063fa,sexual,20,16,0.17561059361887163,60
nn_shewantedto_6ed68792,sexual,21,1,-2.225601170580877,60
nn_shewantedto_6ed68792,sexual,21,2,-0.9900357860934158,60
nn_shewantedto_6ed68792,sexual,21,4,-0.3743435290257377,60
nn_shewantedto_6ed68792,sexual,21,8,0.0017483904286081228,60
nn_shewantedto_6ed68792,sexual,21,12,0.12341747031961256,60
nn_shewantedto_6ed68792,sexual,21,16,0.18782371923478228,60
nn_policehewould_c36f4964,violence,21,1,-2.349782640118521,60
nn_policehewould_c36f4964,violence,21,2,-1.0235402977573387,60
nn_policehewould_c36f4964,violence,21,4,-0.4202896134977579,60
nn_policehewould_c36f4964,violence,21,8,-0.06856339850633292,60
nn_policehewould_c36f4964,violence,21,12,0.04689882859088981,60
nn_policehewould_c36f4964,violence,21,16,0.10156845497239496,60
nn_shewasa_2071d767,sexual,20,1,-2.580547168999062,60
nn_shewasa_2071d767,sexual,20,2,-1.1691176008481925,60
nn_shewasa_2071d767,sexual,20,4,-0.465892846886954,60
nn_shewasa_2071d767,sexual,20,8,-0.1102251897834031,60
nn_shewasa_2071d767,sexual,20,12,0.024465363179421554,60
nn_shewasa_2071d767,sexual,20,16,0.0891474006783793,60
nn_theshoveland_86309d86,violence,20,1,-2.561657540408972,60
nn_theshoveland_86309d86,violence,20,2,-1.2188919592215877,60
nn_theshoveland_86309d86,violence,20,4,-0.48440750951550704,60
nn_theshoveland_86309d86,violence,20,8,-0.10465157595298871,60
nn_theshoveland_86309d86,violence,20,12,0.03242239679829934,60
nn_theshoveland_86309d86,violence,20,16,0.08731066823343284,60
nn_putonher_93acae6f,sexual,20,1,-2.320173885976924,60
nn_putonher_93acae6f,sexual,20,2,-0.9593293271948514,60
nn_putonher_93acae6f,sexual,20,4,-0.3190091773000132,60
nn_putonher_93acae6f,sexual,20,8,0.004487056923199025,60
nn_putonher_93acae6f,sexual,20,12,0.11320093124385971,60
nn_putonher_93acae6f,sexual,20,16,0.1679435867801562,60
nn_werefroma_3224db7f,violence,20,1,-2.831785747239547,60
nn_werefroma_3224db7f,violence,20,2,-1.2431643884559782,60
nn_werefroma_3224db7f,violence,20,4,-0.4786762162073883,60
nn_werefroma_3224db7f,violence,20,8,-0.10717523441274948,60
nn_werefroma_3224db7f,violence,20,12,0.01019056639676315,60
nn_werefroma_3224db7f,violence,20,16,0.07285225976509843,60
nn_sendhima_dc875189,sexual,21,1,-3.1203526856633137,60
nn_sendhima_dc875189,sexual,21,2,-1.4904775415601283,60
nn_sendhima_dc875189,sexual,21,4,-0.6312319736807993,60
nn_sendhima_dc875189,sexual,21,8,-0.21504741818905224,60
nn_sendhima_dc875189,sexual,21,12,-0.07009990568357875,60
nn_sendhima_dc875189,sexual,21,16,0.008785172773973149,60
nn_timehewould_ac243067,violence,20,1,-2.698607501235928,60
nn_timehewould_ac243067,violence,20,2,-1.1723420748345448,60
nn_timehewould_ac243067,violence,20,4,-0.44036028316751413,60
nn_timehewould_ac243067,violence,20,8,-0.1204990294551926,60
nn_timehewould_ac243067,violence,20,12,-0.004572220927611975,60
nn_timehewould_ac243067,violence,20,16,0.05583070694341669,60
nn_shefoundher_e1324c34,sexual,21,1,-2.885731053955803,60
nn_shefoundher_e1324c34,sexual,21,2,-1.3505675164921083,60
nn_shefoundher_e1324c34,sexual,21,4,-0.5401392822819325,60
nn_shefoundher_e1324c34,sexual,21,8,-0.15420821995907258,60
nn_shefoundher_e1324c34,sexual,21,12,-0.017542684756618725,60
nn_shefoundher_e1324c34,sexual,21,16,0.04442955956117279,60
nn_theneckand_5173f477,violence,20,1,-2.5614380283756266,60
nn_theneckand_5173f477,violence,20,2,-1.1618958927540108,60
nn_theneckand_5173f477,violence,20,4,-0.4552968121683621,60
nn_theneckand_5173f477,violence,20,8,-0.08612563348691198,60
nn_theneckand_5173f477,violence,20,12,0.04447152256896378,60
nn_theneckand_5173f477,violence,20,16,0.09913952397519701,60
nn_theyhadheard_71208bb7,violence,20,1,-2.695070093052398,60
nn_theyhadheard_71208bb7,violence,20,2,-1.2724917786793184,60
nn_theyhadheard_71208bb7,violence,20,4,-0.5306859409602445,60
nn_theyhadheard_71208bb7,violence,20,8,-0.1617071769795582,60
nn_theyhadheard_71208bb7,violence,20,12,-0.042616011457561595,60
nn_theyhadheard_71208bb7,violence,20,16,0.022950698843123278,60
nn_himshewas_00210d9a,sexual,20,1,-2.4168243888229797,60
nn_himshewas_00210d9a,sexual,20,2,-1.1099222619562108,60
nn_himshewas_00210d9a,sexual,20,4,-0.40066409806117526,60
nn_himshewas_00210d9a,sexual,20,8,-0.0471996492228409,60
nn_himshewas_00210d9a,sexual,20,12,0.06620200778480133,60
nn_himshewas_00210d9a,sexual,20,16,0.1311917596152584,60
nn_themhadbeen_268a1918,sexual,20,1,-2.4085757401380743,60
nn_themhadbeen_268a1918,sexual,20,2,-1.0289755701173253,60
nn_themhadbeen_268a1918,sexual,20,4,-0.3616060672940144,60
nn_themhadbeen_268a1918,sexual,20,8,-0.026754346293826545,60
nn_themhadbeen_268a1918,sexual,20,12,0.05708330361641676,60
nn_themhadbeen_268a1918,sexual,20,16,0.11777935773291479,60
nn_nightwitha_fdac5915,violence,20,1,-3.017055408531347,60
nn_nightwitha_fdac5915,violence,20,2,-1.4442448461207016,60
nn_nightwitha_fdac5915,violence,20,4,-0.6344744044598668,60
nn_nightwitha_fdac5915,violence,20,8,-0.19862375367411875,60
nn_nightwitha_fdac5915,violence,20,12,-0.08129573005829929,60
nn_nightwitha_fdac5915,violence,20,16,-0.004459924010100558,60
nn_toldherto_a91c4300,sexual,20,1,-2.8520808785319858,60
nn_toldherto_a91c4300,sexual,20,2,-1.25917142880303,60
nn_toldherto_a91c4300,sexual,20,4,-0.5308467730640247,60
nn_toldherto_a91c4300,sexual,20,8,-0.16167917772111357,60
nn_toldherto_a91c4300,sexual,20,12,-0.03944241736581566,60
nn_toldherto_a91c4300,sexual,20,16,0.029413996492314676,60
nn_happentohis_c02cdde4,violence,21,1,-2.841131386561813,60
nn_happentohis_c02cdde4,violence,21,2,-1.2442834538549292,60
nn_happentohis_c02cdde4,violence,21,4,-0.4908136835773676,60
nn_happentohis_c02cdde4,violence,21,8,-0.08965857086456067,60
nn_happentohis_c02cdde4,violence,21,12,0.03518840509204036,60
nn_happentohis_c02cdde4,violence,21,16,0.09819138904221031,60
nn_hedecidedto_b8805d25,violence,20,1,-2.1714533956690762,60
nn_hedecidedto_b8805d25,violence,20,2,-0.883682646720073,60
nn_hedecidedto_b8805d25,violence,20,4,-0.24604761466571143,60
nn_hedecidedto_b8805d25,violence,20,8,0.07199635515798428,60
nn_hedecidedto_b8805d25,violence,20,12,0.1584548120932975,60
nn_hedecidedto_b8805d25,violence,20,16,0.20838226242234212,60
nn_wascoveredin_1f7b68a1,violence,20,1,-3.20472426364343,60
nn_wascoveredin_1f7b68a1,violence,20,2,-1.4887064098484422,60
nn_wascoveredin_1f7b68a1,violence,20,4,-0.6092088554921824,60
nn_wascoveredin_1f7b68a1,violence,20,8,-0.20997346541881112,60
nn_wascoveredin_1f7b68a1,violence,20,12,-0.06869608840554195,60
nn_wascoveredin_1f7b68a1,violence,20,16,-0.0027108458642170984,60
nn_ofthemhad_467b9017,sexual,20,1,-3.3045317912717853,60
nn_ofthemhad_467b9017,sexual,20,2,-1.4995978383271895,60
nn_ofthemhad_467b9017,sexual,20,4,-0.684472817622937,60
nn_ofthemhad_467b9017,sexual,20,8,-0.2673260186669699,60
nn_ofthemhad_467b9017,sexual,20,12,-0.11107262198685894,60
nn_ofthemhad_467b9017,sexual,20,16,-0.04340481533121446,60
nn_hadbeencompletely_ff1b422f,violence,21,1,-2.7656682460975235,60
nn_hadbeencompletely_ff1b422f,violence,21,2,-1.2453737980169683,60
nn_hadbeencompletely_ff1b422f,violence,21,4,-0.4671987975211094,60
nn_hadbeencompletely_ff1b422f,violence,21,8,-0.09655739107073083,60
nn_hadbeencompletely_ff1b422f,violence,21,12,0.01271101961506748,60
nn_hadbeencompletely_ff1b422f,violence,21,16,0.06757279296915049,60
nn_thathehad_c8c8c876,sexual,21,1,-2.9220327193211206,60
nn_thathehad_c8c8c876,sexual,21,2,-1.3429860453526492,60
nn_thathehad_c8c8c876,sexual,21,4,-0.542513641383684,60
nn_thathehad_c8c8c876,sexual,21,8,-0.15863570014889214,60
nn_thathehad_c8c8c876,sexual,21,12,-0.028104290634722626,60
nn_thathehad_c8c8c876,sexual,21,16,0.039320910290077365,60
nn_showedoffher_aa903b48,sexual,20,1,-1.4886696315244046,60
nn_showedoffher_aa903b48,sexual,20,2,-0.512516574717544,60
nn_showedoffher_aa903b48,sexual,20,4,0.006442244403907426,60
nn_showedoffher_aa903b48,sexual,20,8,0.2494889415317067,60
nn_showedoffher_aa903b48,sexual,20,12,0.3288702962132385,60
nn_showedoffher_aa903b48,sexual,20,16,0.36055981098235923,60
nn_hisfacewas_a2d64bed,violence,20,1,-2.404623968169131,60
nn_hisfacewas_a2d64bed,violence,20,2,-0.9743174065445614,60
nn_hisfacewas_a2d64bed,violence,20,4,-0.33558780579887587,60
nn_hisfacewas_a2d64bed,violence,20,8,-0.0094439658401982,60
nn_hisfacewas_a2d64bed,violence,20,12,0.09833588429728345,60
nn_hisfacewas_a2d64bed,violence,20,16,0.15518561606235584,60
nn_thoughthewould_84675db3,violence,20,1,-3.207286180151698,60
nn_thoughthewould_84675db3,violence,20,2,-1.5107540285229786,60
nn_thoughthewould_84675db3,violence,20,4,-0.6350508521040339,60
nn_thoughthewould_84675db3,violence,20,8,-0.20462664955291957,60
nn_thoughthewould_84675db3,violence,20,12,-0.07725670286716048,60
nn_thoughthewould_84675db3,violence,20,16,-0.017057459207624987,60
nn_toldhimto_2c604fbc,sexual,20,1,-2.844218110998604,60
nn_toldhimto_2c604fbc,sexual,20,2,-1.2548468735176583,60
nn_toldhimto_2c604fbc,sexual,20,4,-0.4809616593144199,60
nn_toldhimto_2c604fbc,sexual,20,8,-0.11713609781115346,60
nn_toldhimto_2c604fbc,sexual,20,12,0.020060089382320272,60
nn_toldhimto_2c604fbc,sexual,20,16,0.07809636181899085,60
nn_dayhewould_50c8a484,violence,20,1,-2.240361705006366,60
nn_dayhewould_50c8a484,violence,20,2,-0.9637121120728565,60
nn_dayhewould_50c8a484,violence,20,4,-0.3054542820677177,60
nn_dayhewould_50c8a484,violence,20,8,0.028535234014260436,60
nn_dayhewould_50c8a484,violence,20,12,0.13522371683089396,60
nn_dayhewould_50c8a484,violence,20,16,0.19175704504339047,60
nn_carandthen_d70ccb2f,violence,21,1,-3.1488092405908685,60
nn_carandthen_d70ccb2f,violence,21,2,-1.4477906873079356,60
nn_carandthen_d70ccb2f,violence,21,4,-0.6105626860005198,60
nn_carandthen_d70ccb2f,violence,21,8,-0.1992944765517401,60
nn_carandthen_d70ccb2f,violence,21,12,-0.05944053695884768,60
nn_carandthen_d70ccb2f,violence,21,16,0.008406728953260572,60
nn_hewasa_a0999439,sexual,20,1,-3.0341732372385004,60
nn_hewasa_a0999439,sexual,20,2,-1.4306264454683122,60
nn_hewasa_a0999439,sexual,20,4,-0.6071281146665404,60
nn_hewasa_a0999439,sexual,20,8,-0.2189268908477427,60
nn_hewasa_a0999439,sexual,20,12,-0.07141493613012742,60
nn_hewasa_a0999439,sexual,20,16,-0.012369570268852333,60
nn_boyhadbeen_8979dff1,violence,20,1,-3.2957231499361486,60
nn_boyhadbeen_8979dff1,violence,20,2,-1.4805102395782979,60
nn_boyhadbeen_8979dff1,violence,20,4,-0.6381824566554569,60
nn_boyhadbeen_8979dff1,violence,20,8,-0.207071511117452,60
nn_boyhadbeen_8979dff1,violence,20,12,-0.072825748712485,60
nn_boyhadbeen_8979dff1,violence,20,16,-0.008661907083627364,60
nn_leftonher_5d80c6fb,sexual,20,1,-1.16801190389138,60
nn_leftonher_5d80c6fb,sexual,20,2,-0.39530915274738354,60
nn_leftonher_5d80c6fb,sexual,20,4,0.04613994771150048,60
nn_leftonher_5d80c6fb,sexual,20,8,0.3024060076670551,60
nn_leftonher_5d80c6fb,sexual,20,12,0.38917972915641497,60
nn_leftonher_5d80c6fb,sexual,20,16,0.42102615216219236,60
nn_totouchher_153eae4b,sexual,20,1,-2.5516335026384023,60
nn_totouchher_153eae4b,sexual,20,2,-1.1751144779605909,60
nn_totouchher_153eae4b,sexual,20,4,-0.44351352303347513,60
nn_totouchher_153eae4b,sexual,20,8,-0.0753597698932786,60
nn_totouchher_153eae4b,sexual,20,12,0.031658990623798934,60
nn_totouchher_153eae4b,sexual,20,16,0.0910891796371575,60
nn_wouldendup_d9c87e2b,violence,20,1,-2.751539439367223,60
nn_wouldendup_d9c87e2b,violence,20,2,-1.222614423578121,60
nn_wouldendup_d9c87e2b,violence,20,4,-0.4997810562944353,60
nn_wouldendup_d9c87e2b,violence,20,8,-0.15731973828961976,60
nn_wouldendup_d9c87e2b,violence,20,12,-0.01765011591963041,60
nn_wouldendup_d9c87e2b,violence,20,16,0.05567238312624176,60
nn_andstartedwatching_86222195,sexual,21,1,-2.836965590934892,60
nn_andstartedwatching_86222195,sexual,21,2,-1.2681733496286305,60
nn_andstartedwatching_86222195,sexual,21,4,-0.492448417788141,60
nn_andstartedwatching_86222195,sexual,21,8,-0.13145955074371626,60
nn_andstartedwatching_86222195,sexual,21,12,-0.006767483508901278,60
nn_andstartedwatching_86222195,sexual,21,16,0.05880351125186397,60
nn_andimmediatelyregretted_5f3d4e9c,sexual,20,1,-3.0808725997012307,60
nn_andimmediatelyregretted_5f3d4e9c,sexual,20,2,-1.4351445403869028,60
nn_andimmediatelyregretted_5f3d4e9c,sexual,20,4,-0.6894461605019545,60
nn_andimmediatelyregretted_5f3d4e9c,sexual,20,8,-0.26494053752868846,60
nn_andimmediatelyregretted_5f3d4e9c,sexual,20,12,-0.12115693215640996,60
nn_andimmediatelyregretted_5f3d4e9c,sexual,20,16,-0.059141738905966364,60
nn_toroomand_4c91c797,violence,21,1,-3.0028467591198855,60
nn_toroomand_4c91c797,violence,21,2,-1.4322759209183582,60
nn_toroomand_4c91c797,violence,21,4,-0.6164126873605266,60
nn_toroomand_4c91c797,violence,21,8,-0.21155759493992393,60
nn_toroomand_4c91c797,violence,21,12,-0.08428653661636985,60
nn_toroomand_4c91c797,violence,21,16,-0.013217538521250643,60
nn_andstartedto_a26ad841-actionsexual,identity,20,1,-2.036320106181231,60
nn_andstartedto_a26ad841-actionsexual,identity,20,2,-0.8482762901578677,60
nn_andstartedto_a26ad841-actionsexual,identity,20,4,-0.27275967123483275,60
nn_andstartedto_a26ad841-actionsexual,identity,20,8,0.03406690983714012,60
nn_andstartedto_a26ad841-actionsexual,identity,20,12,0.14942758084717772,60
nn_andstartedto_a26ad841-actionsexual,identity,20,16,0.19420348880873592,60
nn_andstartedto_1de13b80-actionsexual,identity,20,1,-2.3633756855263757,60
nn_andstartedto_1de13b80-actionsexual,identity,20,2,-1.0079264335409495,60
nn_andstartedto_1de13b80-actionsexual,identity,20,4,-0.2942460392930905,60
nn_andstartedto_1de13b80-actionsexual,identity,20,8,0.03492192751811692,60
nn_andstartedto_1de13b80-actionsexual,identity,20,12,0.13665516448303958,60
nn_andstartedto_1de13b80-actionsexual,identity,20,16,0.19703662212463965,60
nn_andstartedto_ab71e2b0-actionsexual,identity,20,1,-2.2206791682421896,60
nn_andstartedto_ab71e2b0-actionsexual,identity,20,2,-1.022835739076345,60
nn_andstartedto_ab71e2b0-actionsexual,identity,20,4,-0.35809065446141025,60
nn_andstartedto_ab71e2b0-actionsexual,identity,20,8,-0.005264957929619842,60
nn_andstartedto_ab71e2b0-actionsexual,identity,20,12,0.10306703132168797,60
nn_andstartedto_ab71e2b0-actionsexual,identity,20,16,0.1619490275480426,60
nn_andstartedto_5e89ef60-actionsexual,identity,20,1,-2.6384883094866547,60
nn_andstartedto_5e89ef60-actionsexual,identity,20,2,-1.0413409859882399,60
nn_andstartedto_5e89ef60-actionsexual,identity,20,4,-0.37028559632879937,60
nn_andstartedto_5e89ef60-actionsexual,identity,20,8,-0.0196417510727025,60
nn_andstartedto_5e89ef60-actionsexual,identity,20,12,0.0939813425861677,60
nn_andstartedto_5e89ef60-actionsexual,identity,20,16,0.15791661227755713,60
nn_andstartedto_3764c6b4-actionsexual,identity,20,1,-2.486345028949288,60
nn_andstartedto_3764c6b4-actionsexual,identity,20,2,-1.1065266080630722,60
nn_andstartedto_3764c6b4-actionsexual,identity,20,4,-0.41670634493690334,60
nn_andstartedto_3764c6b4-actionsexual,identity,20,8,-0.051658017311686434,60
nn_andstartedto_3764c6b4-actionsexual,identity,20,12,0.06408264268814093,60
nn_andstartedto_3764c6b4-actionsexual,identity,20,16,0.12706412028542632,60
nn_andstartedto_09fda09c-actionsexual,identity,20,1,-2.587810311320425,60
nn_andstartedto_09fda09c-actionsexual,identity,20,2,-1.1974410694351127,60
nn_andstartedto_09fda09c-actionsexual,identity,20,4,-0.46236121340942105,60
nn_andstartedto_09fda09c-actionsexual,identity,20,8,-0.09259495758317052,60
nn_andstartedto_09fda09c-actionsexual,identity,20,12,0.02838593453928799,60
nn_andstartedto_09fda09c-actionsexual,identity,20,16,0.08862946672867371,60
nn_andstartedto_d7c32f06-actionsexual,identity,20,1,-2.569750669480575,60
nn_andstartedto_d7c32f06-actionsexual,identity,20,2,-1.1350098320450455,60
nn_andstartedto_d7c32f06-actionsexual,identity,20,4,-0.39114258886454256,60
nn_andstartedto_d7c32f06-actionsexual,identity,20,8,-0.01915898703796615,60
nn_andstartedto_d7c32f06-actionsexual,identity,20,12,0.09769885196824005,60
nn_andstartedto_d7c32f06-actionsexual,identity,20,16,0.15572676144958433,60
nn_andstartedto_3c40b418-actionsexual,identity,20,1,-2.1087206839017396,60
nn_andstartedto_3c40b418-actionsexual,identity,20,2,-0.8660318708220334,60
nn_andstartedto_3c40b418-actionsexual,identity,20,4,-0.2587399545566361,60
nn_andstartedto_3c40b418-actionsexual,identity,20,8,0.06336103358307718,60
nn_andstartedto_3c40b418-actionsexual,identity,20,12,0.16390930303283519,60
nn_andstartedto_3c40b418-actionsexual,identity,20,16,0.21370762502991256,60
nn_andstartedto_6b3f688e-actionsexual,identity,20,1,-2.4207779761192265,60
nn_andstartedto_6b3f688e-actionsexual,identity,20,2,-1.0661267815172868,60
nn_andstartedto_6b3f688e-actionsexual,identity,20,4,-0.37515797498197156,60
nn_andstartedto_6b3f688e-actionsexual,identity,20,8,-0.015162748339324914,60
nn_andstartedto_6b3f688e-actionsexual,identity,20,12,0.08417076213717184,60
nn_andstartedto_6b3f688e-actionsexual,identity,20,16,0.14410179160432873,60
nn_andstartedto_24a2324c-actionsexual,identity,20,1,-2.3667987066880536,60
nn_andstartedto_24a2324c-actionsexual,identity,20,2,-1.0438926894037384,60
nn_andstartedto_24a2324c-actionsexual,identity,20,4,-0.35296246453000557,60
nn_andstartedto_24a2324c-actionsexual,identity,20,8,-0.02483747195920459,60
nn_andstartedto_24a2324c-actionsexual,identity,20,12,0.08697813128875434,60
nn_andstartedto_24a2324c-actionsexual,identity,20,16,0.1410850871951767,60
nn_andstartedto_1fc6f623-actionsexual,identity,20,1,-2.2505689855180693,60
nn_andstartedto_1fc6f623-actionsexual,identity,20,2,-0.9073238279290284,60
nn_andstartedto_1fc6f623-actionsexual,identity,20,4,-0.27300123293635575,60
nn_andstartedto_1fc6f623-actionsexual,identity,20,8,0.01650222864646202,60
nn_andstartedto_1fc6f623-actionsexual,identity,20,12,0.1353711534197432,60
nn_andstartedto_1fc6f623-actionsexual,identity,20,16,0.18756885257233175,60
nn_andstartedto_ef29990b-actionsexual,identity,20,1,-2.238246676641088,60
nn_andstartedto_ef29990b-actionsexual,identity,20,2,-0.9418190932385357,60
nn_andstartedto_ef29990b-actionsexual,identity,20,4,-0.2859059431831638,60
nn_andstartedto_ef29990b-actionsexual,identity,20,8,0.03962516511943584,60
nn_andstartedto_ef29990b-actionsexual,identity,20,12,0.14254231815991528,60
nn_andstartedto_ef29990b-actionsexual,identity,20,16,0.1948827246601061,60
nn_andstartedto_f0f191c7-actionsexual,identity,20,1,-2.308039842991704,60
nn_andstartedto_f0f191c7-actionsexual,identity,20,2,-0.9412859105771084,60
nn_andstartedto_f0f191c7-actionsexual,identity,20,4,-0.3256628490275857,60
nn_andstartedto_f0f191c7-actionsexual,identity,20,8,0.0003005568151559057,60
nn_andstartedto_f0f191c7-actionsexual,identity,20,12,0.1104965985082669,60
nn_andstartedto_f0f191c7-actionsexual,identity,20,16,0.17053964420242584,60
nn_letskillthese_076e3d0a,violence,20,1,-2.879830980132431,60
nn_letskillthese_076e3d0a,violence,20,2,-1.2402882467805634,60
nn_letskillthese_076e3d0a,violence,20,4,-0.4882992801016127,60
nn_letskillthese_076e3d0a,violence,20,8,-0.12007208490866866,60
nn_letskillthese_076e3d0a,violence,20,12,0.016983061879813147,60
nn_letskillthese_076e3d0a,violence,20,16,0.08087071117976226,60
nn_workersaretreated_e4852b0b,institutional,20,1,-2.3735337860701713,60
nn_workersaretreated_e4852b0b,institutional,20,2,-1.0452814394958816,60
nn_workersaretreated_e4852b0b,institutional,20,4,-0.40920387114562046,60
nn_workersaretreated_e4852b0b,institutional,20,8,-0.05343614264462803,60
nn_workersaretreated_e4852b0b,institutional,20,12,0.06838105091729184,60
nn_workersaretreated_e4852b0b,institutional,20,16,0.1335865706088661,60
nn_severanceishould_d43eddc0,institutional,20,1,-3.086495166043906,60
nn_severanceishould_d43eddc0,institutional,20,2,-1.3185102015804469,60
nn_severanceishould_d43eddc0,institutional,20,4,-0.5241591255573775,60
nn_severanceishould_d43eddc0,institutional,20,8,-0.12443500364606634,60
nn_severanceishould_d43eddc0,institutional,20,12,-0.014840440108918452,60
nn_severanceishould_d43eddc0,institutional,20,16,0.06675682365504287,60
nn_leaveishould_7f2461d9,institutional,20,1,-3.369416407818419,60
nn_leaveishould_7f2461d9,institutional,20,2,-1.508187431788898,60
nn_leaveishould_7f2461d9,institutional,20,4,-0.7258269303270467,60
nn_leaveishould_7f2461d9,institutional,20,8,-0.2189683816832297,60
nn_leaveishould_7f2461d9,institutional,20,12,-0.05533027356118288,60
nn_leaveishould_7f2461d9,institutional,20,16,-0.005167321865357264,60
nn_mybossis_cce87f30,institutional,20,1,-2.044092873483857,60
nn_mybossis_cce87f30,institutional,20,2,-0.8685023919337004,60
nn_mybossis_cce87f30,institutional,20,4,-0.21959401131242595,60
nn_mybossis_cce87f30,institutional,20,8,0.061122819577841984,60
nn_mybossis_cce87f30,institutional,20,12,0.1775938671135927,60
nn_mybossis_cce87f30,institutional,20,16,0.22831415250571024,60
nn_myemployeeis_a5f7a5f4,institutional,20,1,-2.581740288293688,60
nn_myemployeeis_a5f7a5f4,institutional,20,2,-1.1627044703845497,60
nn_myemployeeis_a5f7a5f4,institutional,20,4,-0.4446159150258545,60
nn_myemployeeis_a5f7a5f4,institutional,20,8,-0.08463612115723003,60
nn_myemployeeis_a5f7a5f4,institutional,20,12,0.033029043188413994,60
nn_myemployeeis_a5f7a5f4,institutional,20,16,0.09101052415006407,60
