category,meta_field
Abounding_with,quantity_degree
Absorb_heat,physical_action
Abusing,social_interpersonal
Accomplishment,evaluation_modality
Achieving_first,evaluation_modality
Activity_finish,time_aspect
Activity_ongoing,time_aspect
Activity_pause,time_aspect
Activity_prepare,time_aspect
Activity_resume,time_aspect
Adding_up,quantity_degree
Adducing,communication_speech
Adjacency,existence_state
Adjusting,physical_action
Adopt_selection,cognition_mental
Affirm_or_deny,communication_speech
Aging,existence_state
Agree_or_refuse_to_act,communication_speech
Agriculture,physical_action
Aiming,physical_action
Amassing,possession_exchange
Amounting_to,quantity_degree
Appeal,communication_speech
Apply_heat,physical_action
Appointing,social_interpersonal
Arranging,physical_action
Arrest,social_interpersonal
Arriving,physical_action
Assessing,evaluation_modality
Assistance,social_interpersonal
Attaching,physical_action
Attack,physical_action
Attempt,evaluation_modality
Attempt_suasion,communication_speech
Attention,cognition_mental
Avoiding,cognition_mental
Awareness,cognition_mental
Bail_decision,evaluation_modality
Be_in_agreement_on_assessment,evaluation_modality
Beat_opponent,evaluation_modality
Becoming_a_member,social_interpersonal
Becoming_aware,cognition_mental
Behind_the_scenes,social_interpersonal
Being_employed,social_interpersonal
Being_in_category,existence_state
Besieging,social_interpersonal
Billing,possession_exchange
Board_vehicle,physical_action
Body_movement,body_health
Borrowing,possession_exchange
Bragging,communication_speech
Breaking_out_captive,physical_action
Breathing,body_health
Bringing,physical_action
Building,physical_action
Bungling,evaluation_modality
Burying,physical_action
Capacity,quantity_degree
Carry_goods,physical_action
Catastrophe,physical_action
Catching_fire,physical_action
Categorization,cognition_mental
Causation,other
Cause_change,physical_action
Cause_change_of_consistency,physical_action
Cause_change_of_phase,physical_action
Cause_change_of_position_on_a_scale,quantity_degree
Cause_change_of_strength,quantity_degree
Cause_emotion,emotion_affect
Cause_expansion,quantity_degree
Cause_harm,physical_action
Cause_impact,physical_action
Cause_motion,physical_action
Cause_temperature_change,physical_action
Cause_to_amalgamate,physical_action
Cause_to_be_dry,physical_action
Cause_to_be_sharp,physical_action
Cause_to_be_wet,physical_action
Cause_to_end,time_aspect
Cause_to_experience,emotion_affect
Cause_to_fragment,physical_action
Cause_to_make_noise,physical_action
Cause_to_make_progress,quantity_degree
Cause_to_move_in_place,physical_action
Cause_to_perceive,perception_sensation
Cause_to_resume,time_aspect
Cause_to_start,time_aspect
Cause_to_wake,body_health
Ceasing_to_be,existence_state
Certainty,evaluation_modality
Change_accessibility,evaluation_modality
Change_event_duration,time_aspect
Change_event_time,time_aspect
Change_of_consistency,physical_action
Change_of_leadership,social_interpersonal
Change_of_phase,physical_action
Change_operational_state,physical_action
Change_position_on_a_scale,quantity_degree
Change_resistance,quantity_degree
Change_tool,physical_action
Chatting,communication_speech
Choosing,cognition_mental
Closure,physical_action
Cogitation,cognition_mental
Collaboration,social_interpersonal
Colonization,social_interpersonal
Come_together,social_interpersonal
Coming_to_be,existence_state
Coming_to_believe,cognition_mental
Coming_up_with,cognition_mental
Commerce_buy,possession_exchange
Commerce_collect,possession_exchange
Commerce_pay,possession_exchange
Commerce_sell,possession_exchange
Commitment,evaluation_modality
Committing_crime,social_interpersonal
Commonality,existence_state
Communicate_categorization,communication_speech
Communication,communication_speech
Communication_manner,communication_speech
Communication_means,communication_speech
Communication_noise,communication_speech
Communication_response,communication_speech
Compatibility,existence_state
Competition,social_interpersonal
Complaining,communication_speech
Compliance,evaluation_modality
Condition_symptom_relation,body_health
Conduct,social_interpersonal
Conferring_benefit,social_interpersonal
Confronting_problem,cognition_mental
Conquering,social_interpersonal
Contacting,communication_speech
Containing,existence_state
Contingency,evaluation_modality
Contrition,emotion_affect
Control,social_interpersonal
Convey_importance,communication_speech
Cooking_creation,physical_action
Corporal_punishment,physical_action
Corroding,physical_action
Cotheme,physical_action
Court_examination,communication_speech
Create_physical_artwork,physical_action
Create_representation,physical_action
Cure,body_health
Cutting,physical_action
Damaging,physical_action
Daring,emotion_affect
Death,existence_state
Deciding,cognition_mental
Delimitation_of_diversity,quantity_degree
Delivery,possession_exchange
Deny_or_grant_permission,evaluation_modality
Departing,physical_action
Deserving,evaluation_modality
Desirability,evaluation_modality
Desirable_event,evaluation_modality
Desiring,emotion_affect
Destroying,physical_action
Detaching,physical_action
Detaining,social_interpersonal
Detonate_explosive,physical_action
Differentiation,existence_state
Dimension,quantity_degree
Discussion,communication_speech
Disembarking,physical_action
Dispersal,physical_action
Distributed_position,existence_state
Dominate_situation,social_interpersonal
Dressing,body_health
Dunking,physical_action
Duplication,physical_action
Duration_relation,time_aspect
Earnings_and_losses,possession_exchange
Eclipse,perception_sensation
Education_teaching,communication_speech
Emanating,perception_sensation
Emitting,perception_sensation
Emotion_active,emotion_affect
Emotion_directed,emotion_affect
Emotion_heat,emotion_affect
Emotions_of_mental_activity,emotion_affect
Emphasizing,communication_speech
Employing,social_interpersonal
Emptying,physical_action
Encoding,communication_speech
Endangering,evaluation_modality
Endeavor_failure,evaluation_modality
Enforcing,social_interpersonal
Erasing,physical_action
Estimating,evaluation_modality
Evading,physical_action
Evaluative_comparison,evaluation_modality
Event,existence_state
Eventive_affecting,other
Evidence,evaluation_modality
Evoking,cognition_mental
Examination,cognition_mental
Exchange,possession_exchange
Excreting,body_health
Execute_plan,physical_action
Execution,physical_action
Exercising,body_health
Existence,existence_state
Expansion,quantity_degree
Expectation,evaluation_modality
Expend_resource,possession_exchange
Expensiveness,quantity_degree
Experience_bodily_harm,body_health
Experiencer_focus,emotion_affect
Experiencer_obj,emotion_affect
Experimentation,cognition_mental
Expressing_publicly,communication_speech
Fall_asleep,body_health
Fall_for,cognition_mental
Feeling,emotion_affect
Feigning,communication_speech
Filling,physical_action
Fining,possession_exchange
Finish_competition,time_aspect
Fire_burning,physical_action
Firefighting,physical_action
Firing,social_interpersonal
Fluidic_motion,physical_action
Food_gathering,physical_action
Forging,physical_action
Forgiveness,social_interpersonal
Forgoing,cognition_mental
Forming_relationships,social_interpersonal
Front_for,social_interpersonal
Frugality,evaluation_modality
Funding,possession_exchange
Gathering_up,physical_action
Gesture,communication_speech
Getting,possession_exchange
Give_impression,cognition_mental
Giving,possession_exchange
Giving_birth,body_health
Giving_in,social_interpersonal
Going_back_on_a_commitment,evaluation_modality
Grinding,physical_action
Grooming,body_health
Hair_configuration,body_health
Halt,physical_action
Having_or_lacking_access,evaluation_modality
Hearsay,communication_speech
Hiding_objects,physical_action
Hindering,evaluation_modality
Hiring,social_interpersonal
Hostile_encounter,social_interpersonal
Hunting,physical_action
Hunting_success_or_failure,evaluation_modality
Imitating,physical_action
Impact,physical_action
Importing,possession_exchange
Imprisonment,social_interpersonal
Improvement_or_decline,quantity_degree
Inclusion,existence_state
Infecting,body_health
Ingest_substance,body_health
Ingestion,body_health
Inhibit_movement,physical_action
Inspecting,perception_sensation
Installing,physical_action
Institutionalization,social_interpersonal
Intentionally_act,other
Intentionally_affect,other
Intentionally_create,physical_action
Intercepting,physical_action
Interrupt_process,time_aspect
Invading,social_interpersonal
Judgment,evaluation_modality
Judgment_communication,evaluation_modality
Judgment_direct_address,evaluation_modality
Justifying,communication_speech
Kidnapping,social_interpersonal
Killing,physical_action
Labeling,communication_speech
Leadership,social_interpersonal
Legal_rulings,evaluation_modality
Lending,possession_exchange
Likelihood,evaluation_modality
Limiting,quantity_degree
Linguistic_meaning,communication_speech
Location_of_light,perception_sensation
Locative_relation,existence_state
Losing,possession_exchange
Make_acquaintance,social_interpersonal
Make_cognitive_connection,cognition_mental
Make_compromise,social_interpersonal
Make_noise,physical_action
Making_arrangements,cognition_mental
Making_faces,body_health
Manipulate_into_doing,social_interpersonal
Manipulate_into_shape,physical_action
Manipulation,physical_action
Manufacturing,physical_action
Mass_motion,physical_action
Medical_intervention,body_health
Memorization,cognition_mental
Memory,cognition_mental
Mining,physical_action
Misdeed,social_interpersonal
Motion,physical_action
Motion_directional,physical_action
Motion_noise,physical_action
Moving_in_place,physical_action
Name_conferral,communication_speech
Needing,evaluation_modality
Non-commutative_process,other
Notification_of_charges,communication_speech
Objective_influence,other
Occupy_rank,social_interpersonal
Offering,possession_exchange
Omen,evaluation_modality
Operate_vehicle,physical_action
Operational_testing,evaluation_modality
Opinion,cognition_mental
Partiality,evaluation_modality
Participation,social_interpersonal
Path_shape,physical_action
Patrolling,physical_action
Perception_active,perception_sensation
Perception_body,perception_sensation
Perception_experience,perception_sensation
Performers_and_roles,social_interpersonal
Personal_relationship,social_interpersonal
Piracy,possession_exchange
Placing,physical_action
Posing_as,communication_speech
Possession,possession_exchange
Possibility,evaluation_modality
Posture,body_health
Practice,cognition_mental
Precipitation,physical_action
Predicting,communication_speech
Preserving,physical_action
Prevarication,communication_speech
Prevent_or_allow_possession,possession_exchange
Preventing_or_letting,evaluation_modality
Process_continue,time_aspect
Process_end,time_aspect
Process_resume,time_aspect
Process_start,time_aspect
Process_stop,time_aspect
Processing_materials,physical_action
Progression,quantity_degree
Prohibiting_or_licensing,evaluation_modality
Proliferating_in_number,quantity_degree
Protecting,social_interpersonal
Protest,communication_speech
Provide_lodging,social_interpersonal
Publishing,communication_speech
Punctual_perception,perception_sensation
Purpose,cognition_mental
Putting_out_fire,physical_action
Quarreling,social_interpersonal
Questioning,communication_speech
Quitting,social_interpersonal
Quitting_a_place,physical_action
Rape,physical_action
Ratification,evaluation_modality
Reading_perception,perception_sensation
Reasoning,cognition_mental
Rebellion,social_interpersonal
Receiving,possession_exchange
Recording,communication_speech
Recovery,body_health
Redirecting,physical_action
Referring_by_name,communication_speech
Reforming_a_system,social_interpersonal
Rejuvenation,body_health
Relating_concepts,cognition_mental
Relative_time,time_aspect
Releasing,physical_action
Reliance,social_interpersonal
Remainder,quantity_degree
Remembering_experience,cognition_mental
Remembering_information,cognition_mental
Removing,physical_action
Render_nonfunctional,physical_action
Renting,possession_exchange
Renunciation,cognition_mental
Repayment,possession_exchange
Repel,physical_action
Replacing,physical_action
Reporting,communication_speech
Request,communication_speech
Required_event,evaluation_modality
Rescuing,social_interpersonal
Research,cognition_mental
Reserving,possession_exchange
Reshaping,physical_action
Residence,existence_state
Resolve_problem,cognition_mental
Respond_to_proposal,communication_speech
Response,physical_action
Resurrection,existence_state
Reveal_secret,communication_speech
Revenge,social_interpersonal
Rewards_and_punishments,evaluation_modality
Ride_vehicle,physical_action
Rite,social_interpersonal
Robbery,possession_exchange
Rope_manipulation,physical_action
Rotting,physical_action
Scheduling,time_aspect
Scouring,physical_action
Scrutiny,cognition_mental
Seeking,cognition_mental
Self_control,cognition_mental
Self_motion,physical_action
Sending,physical_action
Sentencing,evaluation_modality
Separating,physical_action
Setting_fire,physical_action
Sex,body_health
Shoot_projectiles,physical_action
Shopping,possession_exchange
Sign,evaluation_modality
Sign_agreement,social_interpersonal
Silencing,communication_speech
Similarity,existence_state
Simultaneity,time_aspect
Sleep,body_health
Smuggling,possession_exchange
Soaking,physical_action
Soaking_up,physical_action
Sound_movement,perception_sensation
Speak_on_topic,communication_speech
Spelling_and_pronouncing,communication_speech
Statement,communication_speech
Stinginess,evaluation_modality
Storing,physical_action
Suasion,communication_speech
Subjective_influence,other
Submitting_documents,communication_speech
Subversion,social_interpersonal
Success_or_failure,evaluation_modality
Successful_action,evaluation_modality
Suitability,evaluation_modality
Summarizing,communication_speech
Supply,possession_exchange
Supporting,social_interpersonal
Surpassing,quantity_degree
Surrendering,social_interpersonal
Surrendering_possession,possession_exchange
Surrounding,existence_state
Surviving,existence_state
Taking_sides,social_interpersonal
Talking_into,communication_speech
Telling,communication_speech
Temporary_stay,time_aspect
Text_creation,communication_speech
Theft,possession_exchange
Thriving,evaluation_modality
Thwarting,evaluation_modality
Tolerating,emotion_affect
Topic,communication_speech
Travel,physical_action
Traversing,physical_action
Treating_and_mistreating,social_interpersonal
Triggering,physical_action
Unattributed_information,communication_speech
Undergo_transformation,existence_state
Undergoing,existence_state
Undressing,body_health
Use_firearm,physical_action
Using,physical_action
Using_resource,possession_exchange
Vehicle_landing,physical_action
Verdict,evaluation_modality
Verification,evaluation_modality
Visiting,social_interpersonal
Wagering,possession_exchange
Waiting,time_aspect
Waking_up,body_health
Warning,communication_speech
Waver_between_options,cognition_mental
Wearing,body_health
Weather,physical_action
Win_prize,evaluation_modality
Working_a_post,social_interpersonal
