accompany	
admire	
admit	
adopt	
advise	
amalgamate	
amuse	
animal_sounds	
appeal	
appear	
appoint	
approve	
assessment	
assuming_position	
avoid	
banish	
battle	
begin	
being_dressed	
bend	
berry	
bill	
body_internal_motion	
body_internal_states	
braid	
break	
breathe	
bring	
build	
bulge	
bump	
butter	
calibratable_cos	
calve	
captain	
care	
carry	
carve	
change_bodily_state	
characterize	
chase	
cheat	
chew	
chit_chat	
clear	
cling	
coil	
coloring	
complain	
complete	
concealment	
confess	
confine	
conjecture	
consider	
conspire	
consume	
contiguous_location	
continue	
contribute	
convert	
cooking	
cooperate	
cope	
correspond	
cost	
crane	
create	
curtsey	
cut	
debone	
declare	
dedicate	
defend	
destroy	
devour	
differ	
dine	
disappearance	
disassemble	
discover	
dress	
dressing_well	
drive	
dub	
eat	
enforce	
engender	
entity_specific_cos	
entity_specific_modes_being	
equip	
escape	
exceed	
exchange	
exhale	
exist	
feeding	
ferret	
fill	
fit	
flinch	
floss	
focus	
forbid	
force	
free	
fulfilling	
funnel	
future_having	
get	
give	
gobble	
gorge	
groom	
help	
herd	
hiccup	
hit	
hold	
hunt	
hurt	
illustrate	
image_impression	
indicate	
inquire	
instr_communication	
investigate	
judgement	
keep	
knead	
learn	
leave	
lecture	
light_emission	
limit	
linger	
lodge	
long	
manner_speaking	
marry	
marvel	
masquerade	
meander	
meet	
mix	
modes_of_being_with_motion	
murder	
neglect	
nonvehicle	
nonverbal_expression	
obtain	
occurrence	
order	
orphan	
other_cos	
pay	
peer	
pelt	
performance	
pit	
pocket	
poison	
poke	
pour	
preparing	
price	
push	
put	
put_direction	
put_spatial	
reflexive_appearance	
refrain	
register	
rely	
remove	
risk	
roll	
rummage	
run	
say	
scribble	
search	
see	
send	
separate	
settle	
shake	
sight	
simple_dressing	
smell_emission	
snooze	
sound_emission	
sound_existence	
spank	
spatial_configuration	
spray	
steal	
stop	
substance_emission	
suffocate	
suspect	
swarm	
swat	
tape	
tell	
throw	
tingle	
touch	
transcribe	
transfer_mesg	
try	
turn	
urge	
vehicle	
waltz	
want	
weather	
weekend	
wink	
wipe_instr	
wipe_manner	
wish	
withdraw	