ABS	
ANI	
Academ	
Active	
AffGain	
AffLoss	
AffOth	
AffPt	
Affil	
Anomie	
Aquatic	
ArenaLw	
Arousal	
Begin	
BldgPt	
BodyPt	
CARD	
COLL	
COLOR	
COM	
Causal	
ComForm	
ComnObj	
Compare	
Complet	
DAV	
DIM	
Decreas	
Doctrin	
ECON	
EMOT	
EVAL	
EndsLw	
EnlEnds	
EnlGain	
EnlLoss	
EnlOth	
EnlPt	
Exch	
Exert	
Exprsv	
FREQ	
Fail	
Fall	
Feel	
Female	
Fetch	
Finish	
Food	
FormLw	
Goal	
HU	
Hostile	
IAV	
IPadj	
If	
Increas	
IndAdj	
Intrj	
Know	
Land	
Legal	
MALE	
Means	
MeansLw	
Milit	
NUMB	
NatObj	
Nation	
NatrPro	
Need	
NegAff	
Negate	
Negativ	
Nonadlt	
Object	
Ought	
Our	
Ovrst	
PLACE	
POLIT	
POS	
Passive	
Perceiv	
Persist	
Pleasur	
PosAff	
Positiv	
PowAren	
PowAuPt	
PowAuth	
PowCon	
PowCoop	
PowDoct	
PowEnds	
PowGain	
PowLoss	
PowOth	
PtLw	
Quality	
Quan	
RcEnds	
RcEthic	
RcRelig	
Rel	
Ritual	
RspGain	
RspLoss	
RspOth	
SV	
Self	
SklAsth	
SklOth	
SklPt	
Space	
Submit	
SureLw	
TimeSpc	
TranLw	
Travel	
TrnLoss	
Undrst	
Vary	
Vice	
Virtue	
Weak	
WlbLoss	
WlbPhys	
WlbPsyc	
WlbPt	
WltOth	
WltPt	
You	