item_id,domain,prompt,n_naughty,n_nice,cos_A_B,split_half_cos,split_half_pearson,split_half_spearman
nn_tookoffher_coat-dress,sexual,She slowly took off her,7,14,0.7026841044425964,0.6049042075872422,0.8487158298492432,0.777012987012987
nn_handunderher_chin-blouse,sexual,He slipped his hand under her,5,5,0.7085221409797668,0.22214693799614907,0.4227325268089771,0.529090909090909
nn_reachedforhis_hand-belt,sexual,She knelt down and reached for his,5,5,0.6371543407440186,0.4301613256335258,0.5991424024105072,0.595151515151515
nn_andstartedto_search-beat,violence,The cop pinned him to the ground and started to,8,4,0.6375131607055664,0.550401970744133,0.8086982250213623,0.5136363636363636
nn_andstartedto_search-choke,violence,The cop pinned her to the ground and started to,13,2,0.6168864965438843,nan,nan,nan
nn_sheunzippedhis_jacket-pants,sexual,She unzipped his,5,8,0.7892932295799255,0.2953248225152493,0.45331245884299276,0.40604395604395604
nn_heunzippedher_jacket-dress,sexual,He unzipped her,7,9,0.8234333395957947,0.5384473249316215,0.8227742552757263,0.7416176470588234
nn_shewantedto_scream-kill,violence,She was so furious she wanted to,8,4,0.719020426273346,0.7215338438749314,0.9182842880487442,0.6811188811188813
nn_shehadenormous_eyes-breasts,sexual,She was very attractive. She had enormous,11,7,0.6857252717018127,0.5197987616062164,0.799947327375412,0.7724458204334365
nn_hadahuge_heart-ego,sexual,He had a huge,3,8,0.5925848484039307,nan,nan,nan
nn_feltherselfget_weak-wet,sexual,He was so attractive she felt herself get,3,4,0.6928103566169739,nan,nan,nan
nn_felthimselfget_weak-hard,sexual,She was so attractive he felt himself get,3,3,0.7077527642250061,nan,nan,nan
nn_hewantedto_scream-kill,violence,He was so furious he wanted to,3,4,0.6989364624023438,nan,nan,nan
nn_hesawher_face-breasts,sexual,She turned over after the massage and he saw her,7,5,0.7570542097091675,0.6506424486637116,0.8660805702209473,0.6650349650349652
nn_shesawhis_face-penis,sexual,He turned over after the massage and she saw his,7,6,0.7079104781150818,0.6062885671854019,0.836473000049591,0.5851648351648351
nn_hesqueezedher_hand-breast,sexual,He squeezed her,7,9,0.7217115163803101,0.5750065326690674,0.7861864298582077,0.6770588235294117
nn_shegrabbedhis_hand-crotch,sexual,She grabbed his,7,11,0.7234545350074768,0.6720252871513367,0.8991511136293411,0.7198142414860681
nn_hegrabbedher_hand-roughly,sexual,He grabbed her,5,5,0.7240519523620605,0.5408851638436317,0.7597099736332893,0.6393939393939394
nn_itintoher_pocket-bra,sexual,She stuffed it into her,5,8,0.7535585761070251,0.7280815213918685,0.9409072697162628,0.6546703296703298
nn_mouthtohis_ear-penis,sexual,He put her mouth to his,8,6,0.6389002799987793,0.563672412931919,0.8069172531366349,0.6329670329670328
nn_mouthtoher_ear-breast,sexual,She put his mouth to her,18,8,0.6370956301689148,0.5900216028094292,0.8189033150672913,0.8134358974358973
nn_decidedtohave_breakfast-sex,sexual,After a night of drinking wine they decided to have,4,8,0.7830100655555725,0.6585266351699829,0.873494827747345,0.5433566433566435
nn_tonguearoundher_neck-nipple,sexual,He wrapped his tongue around her,9,7,0.7332146763801575,0.5484954610466957,0.8049520075321197,0.6635294117647058
nn_tonguearoundhis_earlobe-cock,sexual,She wrapped her tongue around his,8,8,0.6468418836593628,0.44582934230566024,0.6734437823295594,0.6422058823529413
nn_heenteredher_room-body,sexual,He entered her,3,9,0.7471532225608826,nan,nan,nan
nn_pulledouthis_phone-gun,violence,He pulled out his,9,11,0.8387788534164429,0.8114026457071304,0.9659447848796845,0.8483458646616541
nn_hepinchedher_cheek-bottom,sexual,He pinched her,7,6,0.7611932158470154,0.5609685808420182,0.8192183196544647,0.6697802197802197
nn_hekickedthe_ball-dog,violence,He kicked the,6,4,0.4886990785598755,0.4278705194592476,0.6763765618205071,0.7484848484848483
nn_witharaging_headache-erection,sexual,He woke up with a raging,6,5,0.7154436111450195,0.4589648634195328,0.7184724181890487,0.5845454545454547
nn_tomakeher_happy-cry,violence,He really wanted to make her,12,5,0.747200071811676,0.7359967440366745,0.9409556835889816,0.7910539215686275
nn_handsoverher_hair-breasts,sexual,He ran his hands over her,5,6,0.6588497757911682,0.49579747319221495,0.7511082381010056,0.7045454545454546
nn_hewantedto_work-quit,power,He told his boss he wanted to,4,3,0.6027158498764038,nan,nan,nan
nn_shewantedto_work-quit,power,She told her boss she wanted to,2,2,0.5255094170570374,nan,nan,nan
nn_onlyservesthe_people-rich,power,The government only serves the,7,8,0.697643518447876,0.8452343434095383,0.9748050570487976,0.7864285714285713
nn_startedstrokinghis_hair-cock,sexual,He started stroking his,8,6,0.7687197327613831,0.6288462117314338,0.8708428531885147,0.6575824175824174
nn_startedrubbingher_hands-breasts,sexual,She started rubbing her,8,11,0.7825590968132019,0.7125780999660491,0.9258409529924393,0.7237719298245615
nn_mansheadand_told-pulled,violence,He put the gun to the man's head and,4,3,0.6590730547904968,nan,nan,nan
nn_andstartedto_kiss-straddle,violence,She pinned him down and started to,5,2,0.6860706806182861,nan,nan,nan
nn_stopfeedingthe_squirrels-cats,violence,I decided to stop feeding the,8,11,0.710743248462677,0.6242650121450424,0.810532021522522,0.6314912280701754
nn_shutupand_listen-drink,substance,Shut up and,1,1,0.7653687596321106,nan,nan,nan
nn_walkedoverand_asked-slapped,violence,The cop walked over and,5,6,0.7862693071365356,0.6280814498662949,0.8838338136672974,0.6740909090909091
nn_herabouthis_family-secret,sexual,He never told her about his,2,5,0.6864025592803955,nan,nan,nan
nn_hestoleher_heart-car,property,He stole her,7,3,0.6896466016769409,nan,nan,nan
nn_shestolehis_heart-car,property,She stole his,7,3,0.6431110501289368,nan,nan,nan
nn_andstartedto_pray-beat,identity_matched_frame,Three Muslims came into the room and started to,8,5,0.7486978769302368,0.7659719198942184,0.9516572475433349,0.764835164835165
nn_andstartedto_talk-beat,identity_matched_frame,Three Arabs came into the room and started to,15,7,0.7012473344802856,0.7801326721906662,0.9470677435398102,0.8801806888763413
nn_wantedherto_leave-suffer,violence,He hated her and wanted her to,3,4,0.6303373575210571,nan,nan,nan
nn_hisfistand_looked-punched,violence,He clenched his fist and,5,5,0.716363787651062,0.5523218229413033,0.8059127151966095,0.6412121212121211
nn_forcedherto_watch-drink,sexual,He forced her to,6,6,0.659060537815094,0.3573015384376049,0.6052949965000153,0.5986013986013986
nn_hisfistand_said-shouted,violence,He raised his fist and,6,8,0.7938969135284424,0.6821506947278977,0.9039363920688629,0.8004395604395604
nn_feltfilledwith_love-dread,self_harm,She felt filled with,11,12,0.8057799935340881,0.880238726735115,0.9841651141643524,0.8118083003952569
nn_congressisso_focused-dysfunctional,power,Congress is so,8,7,0.7728450298309326,0.7792963802814483,0.9620623111724853,0.7244642857142856
nn_hewantedto_travel-kill,violence,He talked endlessly about he wanted to,3,3,0.6604276895523071,nan,nan,nan
nn_wasgoingto_tell-kill,violence,He leaned in close and whispered that he was going to,5,5,0.6014731526374817,0.6785313040018082,0.9133792459964752,0.6042424242424241
nn_hegrabbedthe_phone-knife,violence,"During the argument in the kitchen, he grabbed the",6,6,0.8069566488265991,0.4041922874748707,0.6537721961736679,0.5853146853146853
nn_andbeganto_chant-beat,violence,The other inmates surrounded him and began to,15,6,0.6979579329490662,0.7778383582830429,0.9539271593093872,0.8863636363636365
nn_andstartedto_sing-beat,violence,The other kids from her class surrounded her in the yard and started to,9,4,0.6536247134208679,0.7228675901889801,0.9453356474637985,0.8524725274725276
nn_andstartedto_walk-drag,violence,Her son grabbed her by the arm and started to,4,6,0.5619198083877563,0.4403906106948853,0.7134609013795853,0.658181818181818
nn_tookhimand_walked-threw,violence,"The boy wouldn't stop crying, so his father took him and",6,3,0.6290215253829956,nan,nan,nan
nn_reachedforthe_phone-gun,self_harm,She locked the bathroom door and reached for the,3,6,0.7031750679016113,nan,nan,nan
nn_hedecidedto_forgive-kill,violence,"When he found the man who hurt him, he decided to",3,3,0.581515908241272,nan,nan,nan
nn_crowdbeganto_say-stone,violence,"When they caught the thief, the crowd began to",9,8,0.6583977341651917,0.7238660335540772,0.9351547658443451,0.8493872549019608
nn_hisvoicewent_soft-cold,violence,"He stood over her, and his voice went",4,5,0.7022445201873779,0.7348498284816742,0.9097512185573577,0.8125
nn_andstartedto_cry-choke,violence,"When she tried to leave, he blocked the door and started to",8,2,0.7044931054115295,nan,nan,nan
nn_onhima_bag-knife,violence,"During the search, the guard found on him a",9,11,0.7387765645980835,0.7234488666057587,0.9277534067630768,0.7024812030075187
nn_herbedand_waited-swung,violence,"When the man broke through her window, she grabbed the bat beside her bed and",10,6,0.6786731481552124,0.5235558032989502,0.7603148639202117,0.5508823529411765
nn_andraisedtheir_hands-rifles,violence,The two gentlemen stood twenty paces apart and raised their,7,3,0.6532159447669983,nan,nan,nan
nn_andbeganthe_interview-eviction,poverty,he landlord taped a notice to the door and began the,2,3,0.7474766969680786,nan,nan,nan
nn_havingjustbeen_promoted-fired,power,She walked out of her manager's office having just been,8,8,0.7199740409851074,0.6941337585449219,0.8970398753881454,0.6683823529411764
nn_needtobe_adopted-hospitalized,medical,The social worker sat across from the parents and said the child would need to be,4,5,0.7817539572715759,0.4022039048373699,0.6598461821675301,0.6125
nn_andmarkedit_paid-denied,institutional,The adjuster read the claim twice and marked it,4,5,0.8317686915397644,0.7989124238491059,0.9693950772285461,0.6083333333333335
nn_andvotedto_approve-reject,institutional,The committee reviewed her thesis and voted to,5,3,0.604564368724823,nan,nan,nan
nn_foundthestrangers_hand-throat,violence,"In the crush of the crowd, his fingers found the stranger's",2,9,0.7615062594413757,nan,nan,nan
nn_andtookthe_soap-gun,violence,"While his roommate was in the shower, he opened the drawer and took the",6,2,0.7839870452880859,nan,nan,nan
nn_andbeganto_search-pick,property,He climbed over the low stone wall into the old man's orchard and began to,3,3,0.6284608840942383,nan,nan,nan
nn_thebrickand_looked-threw,violence,He picked up the brick and,8,7,0.7381802797317505,0.6938662558794022,0.9213452279567719,0.7328571428571427
nn_themanteland_held-threw,property,"In the middle of the argument, she grabbed the photograph off the mantel and",5,3,0.5900804400444031,nan,nan,nan
nn_andbeganto_dance-steal,property,They climbed the cemetery fence at midnight and began to,8,7,0.6408659219741821,0.7219395220279694,0.92871373295784,0.7816071428571427
nn_abottleof_aspirin-vodka,substance,In her desk drawer she kept a bottle of,8,5,0.8479059934616089,0.4047291845083237,0.6980383604764938,0.5491758241758242
nn_haveonemore_look-drink,substance,"Before he got behind the wheel, he decided to have one more",6,1,0.6982496380805969,nan,nan,nan
nn_askedformore_water-morphine,substance,The patient buzzed the nurse again and asked for more,4,6,0.8316025137901306,0.5272619798779488,0.7924806833267212,0.5872727272727272
nn_lookingforhis_glasses-pills,substance,She rifled through his bedside drawer looking for his,2,3,0.7648791670799255,nan,nan,nan
nn_heldouta_baseball-joint,substance,The older boys waved him over behind the bleachers and held out a,5,3,0.7296146154403687,nan,nan,nan
nn_themanextra_blanket-dose,substance,"To keep the residents calm through the night, the care home staff gave them an extra",4,2,0.7507237792015076,nan,nan,nan
nn_hewascompletely_exhausted-drunk,substance,By midnight he was completely,3,5,0.8709339499473572,nan,nan,nan
nn_takeaquick_call-smoke,substance,He stepped out back during the meeting to take a quick,4,6,0.7681613564491272,0.672581547498703,0.8858749061822891,0.6272727272727272
